CA3, 000600, 80, 84, PRSH, 2126, 30, 70.866667, ZIP, 5132, 30, 171.066667, 80, 84, 
CA3, 000600, 72, 85, PRSH, 2242, 30, 74.733333, ZIP, 5958, 30, 198.600000, 72, 85, 
CA3, 000600, 79, 83, PRSH, 2470, 30, 82.333333, ZIP, 3961, 30, 132.033333, 79, 83, 
CA3, 000600, 84, 88, PRSH, 2654, 30, 88.466667, ZIP, 5008, 30, 166.933333, 84, 88, 
CA3, 000600, 78, 84, PRSH, 2465, 30, 82.166667, ZIP, 4396, 30, 146.533333, 78, 84, 
CA3, 000600, 74, 87, PRSH, 3539, 30, 117.966667, ZIP, 5902, 30, 196.733333, 74, 87, 
CA3, 000600, 98, 108, PRSH, 905, 30, 30.166667, ZIP, 4383, 30, 146.100000, 98, 108, 
CA3, 000600, 97, 99, PRSH, 1650, 30, 55.000000, ZIP, 6475, 30, 215.833333, 97, 99, 
CA3, 000600, 94, 95, PRSH, 1581, 30, 52.700000, ZIP, 4797, 30, 159.900000, 94, 95, 
CA3, 000600, 90, 97, PRSH, 1745, 30, 58.166667, ZIP, 4970, 30, 165.666667, 90, 97, 
CA3, 000600, 95, 96, PRSH, 1981, 30, 66.033333, ZIP, 3659, 30, 121.966667, 95, 96, 
CA3, 000600, 96, 158, PRSH, 1914, 30, 63.800000, ZIP, 4582, 30, 152.733333, 96, 158, 
CA3, 000600, 76, 78, PRSH, 1568, 30, 52.266667, ZIP, 5269, 30, 175.633333, 76, 78, 
CA3, 000600, 98, 142, PRSH, 1908, 30, 63.600000, ZIP, 3649, 30, 121.633333, 98, 142, 
CA3, 000600, 89, 94, PRSH, 1739, 30, 57.966667, ZIP, 4180, 30, 139.333333, 89, 94, 
CA3, 000600, 87, 96, PRSH, 2975, 30, 99.166667, ZIP, 6368, 30, 212.266667, 87, 96, 
CA3, 000600, 97, 99, PRSH, 1816, 30, 60.533333, ZIP, 4844, 30, 161.466667, 97, 99, 
CA3, 000600, 82, 84, PRSH, 893, 30, 29.766667, ZIP, 5338, 30, 177.933333, 82, 84, 
CA3, 000600, 100, 104, PRSH, 2347, 30, 78.233333, ZIP, 4505, 30, 150.166667, 100, 104, 
CA3, 000600, 96, 103, PRSH, 2554, 30, 85.133333, ZIP, 4126, 30, 137.533333, 96, 103, 
CA3, 000600, 90, 105, PRSH, 1646, 30, 54.866667, ZIP, 5065, 30, 168.833333, 90, 105, 
CA3, 000600, 82, 84, PRSH, 1950, 30, 65.000000, ZIP, 5053, 30, 168.433333, 82, 84, 
CA3, 000600, 73, 82, PRSH, 1555, 30, 51.833333, ZIP, 4306, 30, 143.533333, 73, 82, 
CA3, 000600, 76, 80, PRSH, 1784, 30, 59.466667, ZIP, 4416, 30, 147.200000, 76, 80, 
CA3, 000600, 88, 92, PRSH, 2030, 30, 67.666667, ZIP, 5342, 30, 178.066667, 88, 92, 
CA3, 000600, 86, 89, PRSH, 924, 30, 30.800000, ZIP, 3766, 30, 125.533333, 86, 89, 
CA3, 000600, 80, 93, PRSH, 1573, 30, 52.433333, ZIP, 3961, 30, 132.033333, 80, 93, 
CA3, 000600, 81, 88, PRSH, 2126, 30, 70.866667, ZIP, 4722, 30, 157.400000, 81, 88, 
CA3, 000600, 87, 90, PRSH, 2460, 30, 82.000000, ZIP, 6113, 30, 203.766667, 87, 90, 
CA3, 000600, 79, 84, PRSH, 3130, 30, 104.333333, ZIP, 4806, 30, 160.200000, 79, 84, 
CA3, 000600, 84, 88, PRSH, 2666, 30, 88.866667, ZIP, 5282, 30, 176.066667, 84, 88, 
CA3, 000600, 95, 120, PRSH, 2116, 30, 70.533333, ZIP, 6272, 30, 209.066667, 95, 120, 
CA3, 000600, 83, 87, PRSH, 1138, 30, 37.933333, ZIP, 4035, 30, 134.500000, 83, 87, 
CA3, 000600, 80, 87, PRSH, 1593, 30, 53.100000, ZIP, 4864, 30, 162.133333, 80, 87, 
CA3, 000600, 99, 102, PRSH, 1666, 30, 55.533333, ZIP, 4282, 30, 142.733333, 99, 102, 
CA3, 000600, 98, 151, PRSH, 2150, 30, 71.666667, ZIP, 5643, 30, 188.100000, 98, 151, 
CA3, 000600, 80, 87, PRSH, 1928, 30, 64.266667, ZIP, 4711, 30, 157.033333, 80, 87, 
CA3, 000600, 84, 92, PRSH, 2289, 30, 76.300000, ZIP, 5291, 30, 176.366667, 84, 92, 
CA3, 000600, 76, 91, PRSH, 1775, 30, 59.166667, ZIP, 5159, 30, 171.966667, 76, 91, 
CA3, 000600, 83, 86, PRSH, 3249, 30, 108.300000, ZIP, 5464, 30, 182.133333, 83, 86, 
CA3, 000600, 84, 89, PRSH, 2936, 30, 97.866667, ZIP, 5131, 30, 171.033333, 84, 89, 
CA3, 000600, 95, 105, PRSH, 1526, 30, 50.866667, ZIP, 4997, 30, 166.566667, 95, 105, 
CA3, 000600, 79, 89, PRSH, 992, 30, 33.066667, ZIP, 4913, 30, 163.766667, 79, 89, 
CA3, 000600, 79, 84, PRSH, 1418, 30, 47.266667, ZIP, 4057, 30, 135.233333, 79, 84, 
CA3, 000600, 74, 90, PRSH, 2317, 30, 77.233333, ZIP, 4972, 30, 165.733333, 74, 90, 
CA3, 000600, 89, 92, PRSH, 1595, 30, 53.166667, ZIP, 5028, 30, 167.600000, 89, 92, 
CA3, 000600, 84, 87, PRSH, 2068, 30, 68.933333, ZIP, 5176, 30, 172.533333, 84, 87, 
CA3, 000600, 96, 146, PRSH, 2624, 30, 87.466667, ZIP, 5464, 30, 182.133333, 96, 146, 
CA3, 000600, 79, 88, PRSH, 1951, 30, 65.033333, ZIP, 3905, 30, 130.166667, 79, 88, 
CA3, 000600, 95, 130, PRSH, 2547, 30, 84.900000, ZIP, 4493, 30, 149.766667, 95, 130, 
CA3, 000600, 82, 85, PRSH, 1757, 30, 58.566667, ZIP, 4763, 30, 158.766667, 82, 85, 
CA3, 000600, 85, 89, PRSH, 2605, 30, 86.833333, ZIP, 4634, 30, 154.466667, 85, 89, 
CA3, 000600, 88, 92, PRSH, 1713, 30, 57.100000, ZIP, 4875, 30, 162.500000, 88, 92, 
CA3, 000600, 79, 83, PRSH, 2488, 30, 82.933333, ZIP, 4567, 30, 152.233333, 79, 83, 
CA3, 000600, 80, 87, PRSH, 1734, 30, 57.800000, ZIP, 4598, 30, 153.266667, 80, 87, 
CA3, 000600, 91, 94, PRSH, 2090, 30, 69.666667, ZIP, 3658, 30, 121.933333, 91, 94, 
CA3, 000600, 74, 92, PRSH, 3409, 30, 113.633333, ZIP, 6024, 30, 200.800000, 74, 92, 
CA3, 000600, 100, 126, PRSH, 1727, 30, 57.566667, ZIP, 3828, 30, 127.600000, 100, 126, 
CA3, 000600, 86, 92, PRSH, 842, 30, 28.066667, ZIP, 4639, 30, 154.633333, 86, 92, 
CA3, 000600, 81, 84, PRSH, 1922, 30, 64.066667, ZIP, 4957, 30, 165.233333, 81, 84, 
CA3, 000600, 86, 87, PRSH, 1633, 30, 54.433333, ZIP, 4363, 30, 145.433333, 86, 87, 
CA3, 000600, 82, 87, PRSH, 1825, 30, 60.833333, ZIP, 5744, 30, 191.466667, 82, 87, 
CA3, 000600, 80, 87, PRSH, 1154, 30, 38.466667, ZIP, 4668, 30, 155.600000, 80, 87, 
CA3, 000600, 76, 94, PRSH, 3298, 30, 109.933333, ZIP, 4450, 30, 148.333333, 76, 94, 
CA3, 000600, 79, 86, PRSH, 2680, 30, 89.333333, ZIP, 4609, 30, 153.633333, 79, 86, 
CA3, 000600, 81, 85, PRSH, 1820, 30, 60.666667, ZIP, 3686, 30, 122.866667, 81, 85, 
CA3, 000600, 84, 87, PRSH, 1711, 30, 57.033333, ZIP, 4676, 30, 155.866667, 84, 87, 
CA3, 000600, 98, 105, PRSH, 2298, 30, 76.600000, ZIP, 5535, 30, 184.500000, 98, 105, 
CA3, 000600, 88, 93, PRSH, 1888, 30, 62.933333, ZIP, 3692, 30, 123.066667, 88, 93, 
CA3, 000600, 87, 92, PRSH, 2098, 30, 69.933333, ZIP, 5093, 30, 169.766667, 87, 92, 
CA3, 000600, 76, 81, PRSH, 2028, 30, 67.600000, ZIP, 4379, 30, 145.966667, 76, 81, 
CA3, 000600, 80, 89, PRSH, 1696, 30, 56.533333, ZIP, 4422, 30, 147.400000, 80, 89, 
CA3, 000600, 77, 89, PRSH, 2493, 30, 83.100000, ZIP, 4200, 30, 140.000000, 77, 89, 
CA3, 000600, 77, 91, PRSH, 1948, 30, 64.933333, ZIP, 5605, 30, 186.833333, 77, 91, 
CA3, 000600, 79, 90, PRSH, 2849, 30, 94.966667, ZIP, 6139, 30, 204.633333, 79, 90, 
CA3, 000600, 87, 97, PRSH, 1483, 30, 49.433333, ZIP, 3374, 30, 112.466667, 87, 97, 
CA3, 000600, 81, 95, PRSH, 2125, 30, 70.833333, ZIP, 5171, 30, 172.366667, 81, 95, 
CA3, 000600, 79, 91, PRSH, 2004, 30, 66.800000, ZIP, 4254, 30, 141.800000, 79, 91, 
CA3, 000600, 79, 83, PRSH, 2057, 30, 68.566667, ZIP, 4409, 30, 146.966667, 79, 83, 
CA3, 000600, 82, 87, PRSH, 1940, 30, 64.666667, ZIP, 4643, 30, 154.766667, 82, 87, 
CA3, 000600, 90, 91, PRSH, 2563, 30, 85.433333, ZIP, 3659, 30, 121.966667, 90, 91, 
CA3, 000600, 82, 90, PRSH, 2126, 30, 70.866667, ZIP, 3829, 30, 127.633333, 82, 90, 
CA3, 000600, 74, 96, PRSH, 4217, 30, 140.566667, ZIP, 5394, 30, 179.800000, 74, 96, 
CA3, 000600, 89, 92, PRSH, 1984, 30, 66.133333, ZIP, 3799, 30, 126.633333, 89, 92, 
CA3, 000600, 81, 90, PRSH, 1823, 30, 60.766667, ZIP, 4405, 30, 146.833333, 81, 90, 
CA3, 000600, 81, 93, PRSH, 2523, 30, 84.100000, ZIP, 4202, 30, 140.066667, 81, 93, 
CA3, 000600, 84, 88, PRSH, 1820, 30, 60.666667, ZIP, 5973, 30, 199.100000, 84, 88, 
CA3, 000600, 81, 89, PRSH, 2647, 30, 88.233333, ZIP, 6474, 30, 215.800000, 81, 89, 
CA3, 000600, 84, 89, PRSH, 3189, 30, 106.300000, ZIP, 5546, 30, 184.866667, 84, 89, 
CA3, 000600, 81, 83, PRSH, 1170, 30, 39.000000, ZIP, 4453, 30, 148.433333, 81, 83, 
CA3, 000600, 81, 90, PRSH, 1629, 30, 54.300000, ZIP, 3855, 30, 128.500000, 81, 90, 
CA3, 000600, 85, 86, PRSH, 3165, 30, 105.500000, ZIP, 5000, 30, 166.666667, 85, 86, 
CA3, 000600, 83, 88, PRSH, 1435, 30, 47.833333, ZIP, 3562, 30, 118.733333, 83, 88, 
CA3, 000600, 81, 83, PRSH, 2637, 30, 87.900000, ZIP, 5348, 30, 178.266667, 81, 83, 
CA3, 000600, 80, 87, PRSH, 1758, 30, 58.600000, ZIP, 4722, 30, 157.400000, 80, 87, 
CA3, 000600, 74, 77, PRSH, 3332, 30, 111.066667, ZIP, 5127, 30, 170.900000, 74, 77, 
CA3, 000600, 89, 90, PRSH, 2029, 30, 67.633333, ZIP, 4376, 30, 145.866667, 89, 90, 
CA3, 000600, 98, 121, PRSH, 2454, 30, 81.800000, ZIP, 5241, 30, 174.700000, 98, 121, 
CA3, 000600, 88, 92, PRSH, 2458, 30, 81.933333, ZIP, 2881, 30, 96.033333, 88, 92, 
CA3, 000600, 98, 100, PRSH, 2212, 30, 73.733333, ZIP, 4707, 30, 156.900000, 98, 100, 
CA3, 000600, 72, 81, PRSH, 2899, 30, 96.633333, ZIP, 4853, 30, 161.766667, 72, 81, 
CA3, 000600, 78, 84, PRSH, 2311, 30, 77.033333, ZIP, 4051, 30, 135.033333, 78, 84, 
CA3, 000600, 78, 80, PRSH, 1404, 30, 46.800000, ZIP, 5132, 30, 171.066667, 78, 80, 
CA3, 000600, 81, 86, PRSH, 1544, 30, 51.466667, ZIP, 4733, 30, 157.766667, 81, 86, 
CA3, 000600, 93, 101, PRSH, 1918, 30, 63.933333, ZIP, 3397, 30, 113.233333, 93, 101, 
CA3, 000600, 95, 98, PRSH, 952, 30, 31.733333, ZIP, 4939, 30, 164.633333, 95, 98, 
CA3, 000600, 79, 86, PRSH, 1131, 30, 37.700000, ZIP, 4741, 30, 158.033333, 79, 86, 
CA3, 000600, 88, 90, PRSH, 1168, 30, 38.933333, ZIP, 4013, 30, 133.766667, 88, 90, 
CA3, 000600, 77, 80, PRSH, 2958, 30, 98.600000, ZIP, 4787, 30, 159.566667, 77, 80, 
CA3, 000600, 94, 95, PRSH, 2200, 30, 73.333333, ZIP, 3493, 30, 116.433333, 94, 95, 
CA3, 000600, 86, 91, PRSH, 2482, 30, 82.733333, ZIP, 4233, 30, 141.100000, 86, 91, 
CA3, 000600, 83, 95, PRSH, 2471, 30, 82.366667, ZIP, 4466, 30, 148.866667, 83, 95, 
CA3, 000600, 77, 94, PRSH, 2247, 30, 74.900000, ZIP, 5129, 30, 170.966667, 77, 94, 
CA3, 000600, 80, 94, PRSH, 2640, 30, 88.000000, ZIP, 4957, 30, 165.233333, 80, 94, 
CA3, 000600, 75, 90, PRSH, 1771, 30, 59.033333, ZIP, 4703, 30, 156.766667, 75, 90, 
CA3, 000600, 77, 89, PRSH, 1664, 30, 55.466667, ZIP, 5885, 30, 196.166667, 77, 89, 
CA3, 000600, 82, 86, PRSH, 1191, 30, 39.700000, ZIP, 4236, 30, 141.200000, 82, 86, 
CA3, 000600, 86, 91, PRSH, 2876, 30, 95.866667, ZIP, 3665, 30, 122.166667, 86, 91, 
CA3, 000600, 79, 87, PRSH, 1505, 30, 50.166667, ZIP, 4449, 30, 148.300000, 79, 87, 
CA3, 000600, 86, 87, PRSH, 2240, 30, 74.666667, ZIP, 3548, 30, 118.266667, 86, 87, 
CA3, 000600, 84, 89, PRSH, 1695, 30, 56.500000, ZIP, 4551, 30, 151.700000, 84, 89, 
CA3, 000600, 94, 98, PRSH, 2069, 30, 68.966667, ZIP, 3692, 30, 123.066667, 94, 98, 
CA3, 000600, 88, 89, PRSH, 1995, 30, 66.500000, ZIP, 5858, 30, 195.266667, 88, 89, 
CA3, 000600, 95, 126, PRSH, 2188, 30, 72.933333, ZIP, 3142, 30, 104.733333, 95, 126, 
CA3, 000600, 86, 90, PRSH, 867, 30, 28.900000, ZIP, 3359, 30, 111.966667, 86, 90, 
CA3, 000600, 92, 98, PRSH, 1597, 30, 53.233333, ZIP, 4062, 30, 135.400000, 92, 98, 
CA3, 000600, 82, 95, PRSH, 2112, 30, 70.400000, ZIP, 4564, 30, 152.133333, 82, 95, 
CA3, 000600, 81, 85, PRSH, 1133, 30, 37.766667, ZIP, 4647, 30, 154.900000, 81, 85, 
CA3, 000600, 94, 101, PRSH, 2187, 30, 72.900000, ZIP, 4589, 30, 152.966667, 94, 101, 
CA3, 000600, 88, 93, PRSH, 2152, 30, 71.733333, ZIP, 3735, 30, 124.500000, 88, 93, 
CA3, 000600, 98, 132, PRSH, 1986, 30, 66.200000, ZIP, 5616, 30, 187.200000, 98, 132, 
CA3, 000600, 80, 92, PRSH, 2203, 30, 73.433333, ZIP, 4776, 30, 159.200000, 80, 92, 
CA3, 000600, 88, 94, PRSH, 1111, 30, 37.033333, ZIP, 4930, 30, 164.333333, 88, 94, 
CA3, 000600, 82, 89, PRSH, 2684, 30, 89.466667, ZIP, 5236, 30, 174.533333, 82, 89, 
CA3, 000600, 96, 116, PRSH, 1904, 30, 63.466667, ZIP, 3998, 30, 133.266667, 96, 116, 
CA3, 000600, 79, 84, PRSH, 2233, 30, 74.433333, ZIP, 5060, 30, 168.666667, 79, 84, 
CA3, 000600, 84, 90, PRSH, 2204, 30, 73.466667, ZIP, 6090, 30, 203.000000, 84, 90, 
CA3, 000600, 86, 95, PRSH, 2651, 30, 88.366667, ZIP, 4338, 30, 144.600000, 86, 95, 
CA3, 000600, 86, 90, PRSH, 2439, 30, 81.300000, ZIP, 5675, 30, 189.166667, 86, 90, 
CA3, 000600, 81, 82, PRSH, 892, 30, 29.733333, ZIP, 2530, 30, 84.333333, 81, 82, 
CA3, 000600, 75, 82, PRSH, 2328, 30, 77.600000, ZIP, 3828, 30, 127.600000, 75, 82, 
CA3, 000600, 88, 92, PRSH, 1469, 30, 48.966667, ZIP, 4856, 30, 161.866667, 88, 92, 
CA3, 000600, 96, 104, PRSH, 1441, 30, 48.033333, ZIP, 2044, 30, 68.133333, 96, 104, 
CA3, 000600, 95, 98, PRSH, 1923, 30, 64.100000, ZIP, 5269, 30, 175.633333, 95, 98, 
CA3, 000600, 90, 146, PRSH, 2459, 30, 81.966667, ZIP, 4524, 30, 150.800000, 90, 146, 
CA3, 000600, 82, 88, PRSH, 1834, 30, 61.133333, ZIP, 5202, 30, 173.400000, 82, 88, 
CA3, 000600, 87, 88, PRSH, 1731, 30, 57.700000, ZIP, 4025, 30, 134.166667, 87, 88, 
CA3, 000600, 94, 101, PRSH, 1197, 30, 39.900000, ZIP, 4855, 30, 161.833333, 94, 101, 
CA3, 000600, 83, 90, PRSH, 2285, 30, 76.166667, ZIP, 5311, 30, 177.033333, 83, 90, 
CA3, 000600, 79, 90, PRSH, 2668, 30, 88.933333, ZIP, 4180, 30, 139.333333, 79, 90, 
CA3, 000600, 75, 80, PRSH, 2562, 30, 85.400000, ZIP, 5374, 30, 179.133333, 75, 80, 
CA3, 000600, 83, 84, PRSH, 1532, 30, 51.066667, ZIP, 5383, 30, 179.433333, 83, 84, 
CA3, 000600, 94, 96, PRSH, 1777, 30, 59.233333, ZIP, 4123, 30, 137.433333, 94, 96, 
CA3, 000600, 84, 90, PRSH, 1502, 30, 50.066667, ZIP, 4117, 30, 137.233333, 84, 90, 
CA3, 000600, 82, 85, PRSH, 1337, 30, 44.566667, ZIP, 4677, 30, 155.900000, 82, 85, 
CA3, 000600, 96, 99, PRSH, 1702, 30, 56.733333, ZIP, 4882, 30, 162.733333, 96, 99, 
CA3, 000600, 82, 84, PRSH, 1594, 30, 53.133333, ZIP, 4496, 30, 149.866667, 82, 84, 
CA3, 000600, 69, 105, PRSH, 2521, 30, 84.033333, ZIP, 6909, 30, 230.300000, 69, 105, 
CA3, 000600, 81, 84, PRSH, 1696, 30, 56.533333, ZIP, 4052, 30, 135.066667, 81, 84, 
CA3, 000600, 99, 130, PRSH, 1952, 30, 65.066667, ZIP, 5502, 30, 183.400000, 99, 130, 
CA3, 000600, 82, 100, PRSH, 3316, 30, 110.533333, ZIP, 5710, 30, 190.333333, 82, 100, 
CA3, 000600, 94, 141, PRSH, 1557, 30, 51.900000, ZIP, 4063, 30, 135.433333, 94, 141, 
CA3, 000600, 91, 94, PRSH, 1695, 30, 56.500000, ZIP, 4246, 30, 141.533333, 91, 94, 
CA3, 000600, 77, 85, PRSH, 2464, 30, 82.133333, ZIP, 4284, 30, 142.800000, 77, 85, 
CA3, 000600, 79, 86, PRSH, 2298, 30, 76.600000, ZIP, 5145, 30, 171.500000, 79, 86, 
CA3, 000600, 89, 90, PRSH, 2036, 30, 67.866667, ZIP, 4283, 30, 142.766667, 89, 90, 
CA3, 000600, 75, 80, PRSH, 1440, 30, 48.000000, ZIP, 4800, 30, 160.000000, 75, 80, 
CA3, 000600, 78, 90, PRSH, 2588, 30, 86.266667, ZIP, 5391, 30, 179.700000, 78, 90, 
CA3, 000600, 80, 87, PRSH, 1597, 30, 53.233333, ZIP, 5151, 30, 171.700000, 80, 87, 
CA3, 000600, 85, 89, PRSH, 1755, 30, 58.500000, ZIP, 5350, 30, 178.333333, 85, 89, 
CA3, 000600, 82, 87, PRSH, 1373, 30, 45.766667, ZIP, 3747, 30, 124.900000, 82, 87, 
CA3, 000600, 81, 84, PRSH, 2612, 30, 87.066667, ZIP, 4564, 30, 152.133333, 81, 84, 
CA3, 000600, 81, 86, PRSH, 2075, 30, 69.166667, ZIP, 3529, 30, 117.633333, 81, 86, 
CA3, 000600, 81, 87, PRSH, 2256, 30, 75.200000, ZIP, 5309, 30, 176.966667, 81, 87, 
CA3, 000600, 81, 86, PRSH, 2782, 30, 92.733333, ZIP, 4359, 30, 145.300000, 81, 86, 
CA3, 000600, 79, 84, PRSH, 1260, 30, 42.000000, ZIP, 5890, 30, 196.333333, 79, 84, 
CA3, 000600, 82, 85, PRSH, 1501, 30, 50.033333, ZIP, 3920, 30, 130.666667, 82, 85, 
CA3, 000600, 82, 88, PRSH, 2473, 30, 82.433333, ZIP, 5057, 30, 168.566667, 82, 88, 
CA3, 000600, 83, 89, PRSH, 3170, 30, 105.666667, ZIP, 5441, 30, 181.366667, 83, 89, 
CA3, 000600, 90, 92, PRSH, 1577, 30, 52.566667, ZIP, 3577, 30, 119.233333, 90, 92, 
CA3, 000600, 77, 88, PRSH, 1661, 30, 55.366667, ZIP, 4832, 30, 161.066667, 77, 88, 
CA3, 000600, 101, 104, PRSH, 1734, 30, 57.800000, ZIP, 4119, 30, 137.300000, 101, 104, 
CA3, 000600, 80, 81, PRSH, 2104, 30, 70.133333, ZIP, 4431, 30, 147.700000, 80, 81, 
CA3, 000600, 79, 89, PRSH, 2613, 30, 87.100000, ZIP, 5191, 30, 173.033333, 79, 89, 
CA3, 000600, 83, 97, PRSH, 1832, 30, 61.066667, ZIP, 5667, 30, 188.900000, 83, 97, 
CA3, 000600, 78, 93, PRSH, 2234, 30, 74.466667, ZIP, 3803, 30, 126.766667, 78, 93, 
CA3, 000600, 81, 82, PRSH, 1327, 30, 44.233333, ZIP, 5420, 30, 180.666667, 81, 82, 
CA3, 000600, 79, 83, PRSH, 2324, 30, 77.466667, ZIP, 3320, 30, 110.666667, 79, 83, 
CA3, 000600, 86, 92, PRSH, 1164, 30, 38.800000, ZIP, 4726, 30, 157.533333, 86, 92, 
CA3, 000600, 74, 82, PRSH, 916, 30, 30.533333, ZIP, 3170, 30, 105.666667, 74, 82, 
CA3, 000600, 76, 79, PRSH, 2003, 30, 66.766667, ZIP, 5787, 30, 192.900000, 76, 79, 
CA3, 000600, 94, 103, PRSH, 1644, 30, 54.800000, ZIP, 2904, 30, 96.800000, 94, 103, 
CA3, 000600, 82, 89, PRSH, 2526, 30, 84.200000, ZIP, 4713, 30, 157.100000, 82, 89, 
CA3, 000600, 96, 130, PRSH, 2014, 30, 67.133333, ZIP, 4989, 30, 166.300000, 96, 130, 
CA3, 000600, 86, 89, PRSH, 1491, 30, 49.700000, ZIP, 3747, 30, 124.900000, 86, 89, 
CA3, 000600, 73, 80, PRSH, 2556, 30, 85.200000, ZIP, 4354, 30, 145.133333, 73, 80, 
CA3, 000600, 83, 86, PRSH, 2627, 30, 87.566667, ZIP, 4902, 30, 163.400000, 83, 86, 
CA3, 000600, 96, 99, PRSH, 1912, 30, 63.733333, ZIP, 4348, 30, 144.933333, 96, 99, 
CA3, 000600, 89, 93, PRSH, 2234, 30, 74.466667, ZIP, 5302, 30, 176.733333, 89, 93, 
CA3, 000600, 84, 93, PRSH, 2496, 30, 83.200000, ZIP, 5508, 30, 183.600000, 84, 93, 
CA3, 000600, 83, 91, PRSH, 2724, 30, 90.800000, ZIP, 4479, 30, 149.300000, 83, 91, 
CA3, 000600, 97, 103, PRSH, 835, 30, 27.833333, ZIP, 4102, 30, 136.733333, 97, 103, 
CA3, 000600, 84, 89, PRSH, 1878, 30, 62.600000, ZIP, 4653, 30, 155.100000, 84, 89, 
CA3, 000600, 78, 91, PRSH, 1382, 30, 46.066667, ZIP, 4547, 30, 151.566667, 78, 91, 
CA3, 000600, 80, 87, PRSH, 2464, 30, 82.133333, ZIP, 3553, 30, 118.433333, 80, 87, 
CA3, 000600, 76, 84, PRSH, 2025, 30, 67.500000, ZIP, 5719, 30, 190.633333, 76, 84, 
CA3, 000600, 85, 90, PRSH, 1932, 30, 64.400000, ZIP, 4634, 30, 154.466667, 85, 90, 
CA3, 000600, 102, 135, PRSH, 1708, 30, 56.933333, ZIP, 5963, 30, 198.766667, 102, 135, 
CA3, 000600, 81, 90, PRSH, 2716, 30, 90.533333, ZIP, 5526, 30, 184.200000, 81, 90, 
CA3, 000600, 82, 84, PRSH, 1017, 30, 33.900000, ZIP, 4330, 30, 144.333333, 82, 84, 
CA3, 000600, 80, 99, PRSH, 3133, 30, 104.433333, ZIP, 5623, 30, 187.433333, 80, 99, 
CA3, 000600, 85, 88, PRSH, 2882, 30, 96.066667, ZIP, 5602, 30, 186.733333, 85, 88, 
CA3, 000600, 82, 83, PRSH, 1501, 30, 50.033333, ZIP, 3317, 30, 110.566667, 82, 83, 
CA3, 000600, 80, 92, PRSH, 2082, 30, 69.400000, ZIP, 4382, 30, 146.066667, 80, 92, 
CA3, 000600, 94, 97, PRSH, 1922, 30, 64.066667, ZIP, 3790, 30, 126.333333, 94, 97, 
CA3, 000600, 82, 87, PRSH, 1276, 30, 42.533333, ZIP, 4912, 30, 163.733333, 82, 87, 
CA3, 000600, 73, 96, PRSH, 3486, 30, 116.200000, ZIP, 5185, 30, 172.833333, 73, 96, 
CA3, 000600, 80, 89, PRSH, 3321, 30, 110.700000, ZIP, 5567, 30, 185.566667, 80, 89, 
CA3, 000600, 81, 87, PRSH, 1468, 30, 48.933333, ZIP, 3040, 30, 101.333333, 81, 87, 
CA3, 000600, 81, 84, PRSH, 1785, 30, 59.500000, ZIP, 3822, 30, 127.400000, 81, 84, 
CA3, 000600, 85, 91, PRSH, 1947, 30, 64.900000, ZIP, 4320, 30, 144.000000, 85, 91, 
CA3, 000600, 84, 86, PRSH, 1795, 30, 59.833333, ZIP, 4908, 30, 163.600000, 84, 86, 
CA3, 000600, 96, 100, PRSH, 1602, 30, 53.400000, ZIP, 3940, 30, 131.333333, 96, 100, 
CA3, 000600, 88, 94, PRSH, 888, 30, 29.600000, ZIP, 6187, 30, 206.233333, 88, 94, 
CA3, 000600, 95, 97, PRSH, 2211, 30, 73.700000, ZIP, 2837, 30, 94.566667, 95, 97, 
CA3, 000600, 81, 89, PRSH, 1137, 30, 37.900000, ZIP, 3642, 30, 121.400000, 81, 89, 
CA3, 000600, 81, 85, PRSH, 2864, 30, 95.466667, ZIP, 4791, 30, 159.700000, 81, 85, 
CA3, 000600, 89, 123, PRSH, 2070, 30, 69.000000, ZIP, 4372, 30, 145.733333, 89, 123, 
CA3, 000600, 85, 87, PRSH, 1749, 30, 58.300000, ZIP, 2822, 30, 94.066667, 85, 87, 
CA3, 000600, 99, 130, PRSH, 1844, 30, 61.466667, ZIP, 4387, 30, 146.233333, 99, 130, 
CA3, 000600, 85, 90, PRSH, 2140, 30, 71.333333, ZIP, 4758, 30, 158.600000, 85, 90, 
CA3, 000600, 79, 85, PRSH, 1309, 30, 43.633333, ZIP, 2371, 30, 79.033333, 79, 85, 
CA3, 000600, 82, 92, PRSH, 2839, 30, 94.633333, ZIP, 4713, 30, 157.100000, 82, 92, 
CA3, 000600, 85, 88, PRSH, 3015, 30, 100.500000, ZIP, 4646, 30, 154.866667, 85, 88, 
CA3, 000600, 87, 98, PRSH, 2416, 30, 80.533333, ZIP, 4375, 30, 145.833333, 87, 98, 
CA3, 000600, 98, 126, PRSH, 2862, 30, 95.400000, ZIP, 6528, 30, 217.600000, 98, 126, 
CA3, 000600, 87, 97, PRSH, 847, 30, 28.233333, ZIP, 4388, 30, 146.266667, 87, 97, 
CA3, 000600, 77, 84, PRSH, 3370, 30, 112.333333, ZIP, 5724, 30, 190.800000, 77, 84, 
CA3, 000600, 81, 90, PRSH, 2554, 30, 85.133333, ZIP, 4134, 30, 137.800000, 81, 90, 
CA3, 000600, 81, 92, PRSH, 2877, 30, 95.900000, ZIP, 4414, 30, 147.133333, 81, 92, 
CA3, 000600, 98, 106, PRSH, 1594, 30, 53.133333, ZIP, 5344, 30, 178.133333, 98, 106, 
CA3, 000600, 81, 90, PRSH, 2014, 30, 67.133333, ZIP, 5893, 30, 196.433333, 81, 90, 
CA3, 000600, 83, 90, PRSH, 2191, 30, 73.033333, ZIP, 5316, 30, 177.200000, 83, 90, 
CA3, 000600, 84, 89, PRSH, 2410, 30, 80.333333, ZIP, 4330, 30, 144.333333, 84, 89, 
CA3, 000600, 87, 92, PRSH, 1298, 30, 43.266667, ZIP, 4133, 30, 137.766667, 87, 92, 
CA3, 000600, 85, 90, PRSH, 2581, 30, 86.033333, ZIP, 3554, 30, 118.466667, 85, 90, 
CA3, 000600, 80, 82, PRSH, 1479, 30, 49.300000, ZIP, 3074, 30, 102.466667, 80, 82, 
CA3, 000600, 86, 126, PRSH, 922, 30, 30.733333, ZIP, 3621, 30, 120.700000, 86, 126, 
CA3, 000600, 78, 86, PRSH, 1509, 30, 50.300000, ZIP, 4847, 30, 161.566667, 78, 86, 
CA3, 000600, 85, 86, PRSH, 2585, 30, 86.166667, ZIP, 5918, 30, 197.266667, 85, 86, 
CA3, 000600, 84, 85, PRSH, 1329, 30, 44.300000, ZIP, 3713, 30, 123.766667, 84, 85, 
CA3, 000600, 78, 83, PRSH, 1844, 30, 61.466667, ZIP, 4181, 30, 139.366667, 78, 83, 
CA3, 000600, 80, 84, PRSH, 2691, 30, 89.700000, ZIP, 4052, 30, 135.066667, 80, 84, 
CA3, 000600, 96, 141, PRSH, 1277, 30, 42.566667, ZIP, 3184, 30, 106.133333, 96, 141, 
CA3, 000600, 97, 106, PRSH, 1720, 30, 57.333333, ZIP, 3858, 30, 128.600000, 97, 106, 
CA3, 000600, 84, 96, PRSH, 2070, 30, 69.000000, ZIP, 4382, 30, 146.066667, 84, 96, 
CA3, 000600, 83, 89, PRSH, 2647, 30, 88.233333, ZIP, 5877, 30, 195.900000, 83, 89, 
CA3, 000600, 97, 109, PRSH, 2648, 30, 88.266667, ZIP, 5780, 30, 192.666667, 97, 109, 
CA3, 000600, 82, 86, PRSH, 1724, 30, 57.466667, ZIP, 5052, 30, 168.400000, 82, 86, 
CA3, 000600, 79, 83, PRSH, 1557, 30, 51.900000, ZIP, 4260, 30, 142.000000, 79, 83, 
CA3, 000600, 86, 87, PRSH, 3031, 30, 101.033333, ZIP, 4664, 30, 155.466667, 86, 87, 
CA3, 000600, 80, 90, PRSH, 2490, 30, 83.000000, ZIP, 3803, 30, 126.766667, 80, 90, 
CA3, 000600, 97, 104, PRSH, 2604, 30, 86.800000, ZIP, 5053, 30, 168.433333, 97, 104, 
CA3, 000600, 79, 84, PRSH, 1346, 30, 44.866667, ZIP, 3415, 30, 113.833333, 79, 84, 
CA3, 000600, 80, 86, PRSH, 1082, 30, 36.066667, ZIP, 4452, 30, 148.400000, 80, 86, 
CA3, 000600, 80, 84, PRSH, 2518, 30, 83.933333, ZIP, 5248, 30, 174.933333, 80, 84, 
CA3, 000600, 83, 97, PRSH, 3301, 30, 110.033333, ZIP, 5680, 30, 189.333333, 83, 97, 
CA3, 000600, 94, 121, PRSH, 1634, 30, 54.466667, ZIP, 6794, 30, 226.466667, 94, 121, 
CA3, 000600, 78, 102, PRSH, 1786, 30, 59.533333, ZIP, 4427, 30, 147.566667, 78, 102, 
CA3, 000600, 76, 93, PRSH, 2051, 30, 68.366667, ZIP, 3801, 30, 126.700000, 76, 93, 
CA3, 000600, 93, 113, PRSH, 2765, 30, 92.166667, ZIP, 5115, 30, 170.500000, 93, 113, 
CA3, 000600, 96, 124, PRSH, 2013, 30, 67.100000, ZIP, 4615, 30, 153.833333, 96, 124, 
CA3, 000600, 80, 86, PRSH, 1312, 30, 43.733333, ZIP, 4491, 30, 149.700000, 80, 86, 
CA3, 000600, 82, 91, PRSH, 2576, 30, 85.866667, ZIP, 5209, 30, 173.633333, 82, 91, 
CA3, 000600, 79, 80, PRSH, 2373, 30, 79.100000, ZIP, 4140, 30, 138.000000, 79, 80, 
CA3, 000600, 82, 89, PRSH, 3679, 30, 122.633333, ZIP, 5477, 30, 182.566667, 82, 89, 
CA3, 000600, 79, 83, PRSH, 2216, 30, 73.866667, ZIP, 3910, 30, 130.333333, 79, 83, 
CA3, 000600, 81, 91, PRSH, 2576, 30, 85.866667, ZIP, 5347, 30, 178.233333, 81, 91, 
CA3, 000600, 84, 95, PRSH, 2641, 30, 88.033333, ZIP, 5506, 30, 183.533333, 84, 95, 
CA3, 000600, 81, 88, PRSH, 1771, 30, 59.033333, ZIP, 5314, 30, 177.133333, 81, 88, 
CA3, 000600, 84, 89, PRSH, 2031, 30, 67.700000, ZIP, 5547, 30, 184.900000, 84, 89, 
CA3, 000600, 88, 90, PRSH, 2768, 30, 92.266667, ZIP, 3793, 30, 126.433333, 88, 90, 
CA3, 000600, 81, 94, PRSH, 2894, 30, 96.466667, ZIP, 4858, 30, 161.933333, 81, 94, 
CA3, 000600, 81, 86, PRSH, 2414, 30, 80.466667, ZIP, 3599, 30, 119.966667, 81, 86, 
CA3, 000600, 89, 93, PRSH, 1394, 30, 46.466667, ZIP, 3652, 30, 121.733333, 89, 93, 
CA3, 000600, 94, 99, PRSH, 2302, 30, 76.733333, ZIP, 6001, 30, 200.033333, 94, 99, 
CA3, 000600, 87, 91, PRSH, 2132, 30, 71.066667, ZIP, 4082, 30, 136.066667, 87, 91, 
CA3, 000600, 91, 100, PRSH, 2358, 30, 78.600000, ZIP, 3265, 30, 108.833333, 91, 100, 
CA3, 000600, 80, 88, PRSH, 1742, 30, 58.066667, ZIP, 4882, 30, 162.733333, 80, 88, 
CA3, 000600, 81, 88, PRSH, 1551, 30, 51.700000, ZIP, 3449, 30, 114.966667, 81, 88, 
CA3, 000600, 81, 83, PRSH, 2613, 30, 87.100000, ZIP, 4689, 30, 156.300000, 81, 83, 
CA3, 000600, 78, 86, PRSH, 2151, 30, 71.700000, ZIP, 4547, 30, 151.566667, 78, 86, 
CA3, 000600, 86, 90, PRSH, 2224, 30, 74.133333, ZIP, 3953, 30, 131.766667, 86, 90, 
CA3, 000600, 95, 134, PRSH, 2303, 30, 76.766667, ZIP, 3712, 30, 123.733333, 95, 134, 
CA3, 000600, 89, 90, PRSH, 2021, 30, 67.366667, ZIP, 4118, 30, 137.266667, 89, 90, 
CA3, 000600, 79, 85, PRSH, 2293, 30, 76.433333, ZIP, 4700, 30, 156.666667, 79, 85, 
CA3, 000600, 85, 100, PRSH, 1679, 30, 55.966667, ZIP, 3381, 30, 112.700000, 85, 100, 
CA3, 000600, 81, 87, PRSH, 2703, 30, 90.100000, ZIP, 4533, 30, 151.100000, 81, 87, 
CA3, 000600, 84, 91, PRSH, 1510, 30, 50.333333, ZIP, 4508, 30, 150.266667, 84, 91, 
CA3, 000600, 91, 92, PRSH, 1974, 30, 65.800000, ZIP, 4911, 30, 163.700000, 91, 92, 
CA3, 000600, 77, 90, PRSH, 2458, 30, 81.933333, ZIP, 3988, 30, 132.933333, 77, 90, 
CA3, 000600, 86, 88, PRSH, 2374, 30, 79.133333, ZIP, 5041, 30, 168.033333, 86, 88, 
CA3, 000600, 94, 102, PRSH, 2503, 30, 83.433333, ZIP, 4045, 30, 134.833333, 94, 102, 
CA3, 000600, 80, 91, PRSH, 3130, 30, 104.333333, ZIP, 4282, 30, 142.733333, 80, 91, 
CA3, 000600, 84, 87, PRSH, 1604, 30, 53.466667, ZIP, 3173, 30, 105.766667, 84, 87, 
CA3, 000600, 93, 100, PRSH, 2797, 30, 93.233333, ZIP, 4997, 30, 166.566667, 93, 100, 
CA3, 000600, 78, 85, PRSH, 2571, 30, 85.700000, ZIP, 6040, 30, 201.333333, 78, 85, 
CA3, 000600, 82, 92, PRSH, 1362, 30, 45.400000, ZIP, 3862, 30, 128.733333, 82, 92, 
CA3, 000600, 85, 89, PRSH, 1935, 30, 64.500000, ZIP, 3623, 30, 120.766667, 85, 89, 
CA3, 000600, 77, 82, PRSH, 2340, 30, 78.000000, ZIP, 4687, 30, 156.233333, 77, 82, 
CA3, 000600, 84, 88, PRSH, 1649, 30, 54.966667, ZIP, 4665, 30, 155.500000, 84, 88, 
CA3, 000600, 78, 93, PRSH, 2503, 30, 83.433333, ZIP, 6107, 30, 203.566667, 78, 93, 
CA3, 000600, 77, 88, PRSH, 2709, 30, 90.300000, ZIP, 5573, 30, 185.766667, 77, 88, 
CA3, 000600, 76, 86, PRSH, 3192, 30, 106.400000, ZIP, 5454, 30, 181.800000, 76, 86, 
CA3, 000600, 84, 87, PRSH, 2275, 30, 75.833333, ZIP, 5428, 30, 180.933333, 84, 87, 
CA3, 000600, 82, 87, PRSH, 1443, 30, 48.100000, ZIP, 6186, 30, 206.200000, 82, 87, 
CA3, 000600, 89, 94, PRSH, 2311, 30, 77.033333, ZIP, 6521, 30, 217.366667, 89, 94, 
CA3, 000600, 96, 99, PRSH, 1337, 30, 44.566667, ZIP, 4206, 30, 140.200000, 96, 99, 
CA3, 000600, 93, 97, PRSH, 2734, 30, 91.133333, ZIP, 4363, 30, 145.433333, 93, 97, 
CA3, 000600, 80, 91, PRSH, 2712, 30, 90.400000, ZIP, 3945, 30, 131.500000, 80, 91, 
CA3, 000600, 78, 88, PRSH, 2067, 30, 68.900000, ZIP, 4272, 30, 142.400000, 78, 88, 
CA3, 000600, 99, 107, PRSH, 2541, 30, 84.700000, ZIP, 4841, 30, 161.366667, 99, 107, 
CA3, 000600, 88, 137, PRSH, 1757, 30, 58.566667, ZIP, 5621, 30, 187.366667, 88, 137, 
CA3, 000600, 93, 106, PRSH, 1801, 30, 60.033333, ZIP, 3719, 30, 123.966667, 93, 106, 
CA3, 000600, 87, 94, PRSH, 2073, 30, 69.100000, ZIP, 5127, 30, 170.900000, 87, 94, 
CA3, 000600, 80, 90, PRSH, 1052, 30, 35.066667, ZIP, 4188, 30, 139.600000, 80, 90, 
CA3, 000600, 102, 123, PRSH, 1756, 30, 58.533333, ZIP, 4994, 30, 166.466667, 102, 123, 
CA3, 000600, 97, 103, PRSH, 1563, 30, 52.100000, ZIP, 4593, 30, 153.100000, 97, 103, 
CA3, 000600, 87, 90, PRSH, 1962, 30, 65.400000, ZIP, 4373, 30, 145.766667, 87, 90, 
CA3, 000600, 85, 88, PRSH, 2272, 30, 75.733333, ZIP, 5605, 30, 186.833333, 85, 88, 
CA3, 000600, 78, 96, PRSH, 3388, 30, 112.933333, ZIP, 5971, 30, 199.033333, 78, 96, 
CA3, 000600, 79, 84, PRSH, 1941, 30, 64.700000, ZIP, 5030, 30, 167.666667, 79, 84, 
CA3, 000600, 79, 84, PRSH, 2070, 30, 69.000000, ZIP, 4439, 30, 147.966667, 79, 84, 
CA3, 000600, 83, 89, PRSH, 2623, 30, 87.433333, ZIP, 5488, 30, 182.933333, 83, 89, 
CA3, 000600, 87, 89, PRSH, 2176, 30, 72.533333, ZIP, 3846, 30, 128.200000, 87, 89, 
CA3, 000600, 94, 97, PRSH, 2226, 30, 74.200000, ZIP, 4380, 30, 146.000000, 94, 97, 
CA3, 000600, 92, 93, PRSH, 2292, 30, 76.400000, ZIP, 3880, 30, 129.333333, 92, 93, 
CA3, 000600, 81, 90, PRSH, 1684, 30, 56.133333, ZIP, 6751, 30, 225.033333, 81, 90, 
CA3, 000600, 90, 129, PRSH, 1353, 30, 45.100000, ZIP, 4192, 30, 139.733333, 90, 129, 
CA3, 000600, 95, 99, PRSH, 1828, 30, 60.933333, ZIP, 3967, 30, 132.233333, 95, 99, 
CA3, 000600, 85, 86, PRSH, 1292, 30, 43.066667, ZIP, 3480, 30, 116.000000, 85, 86, 
CA3, 000600, 83, 93, PRSH, 2145, 30, 71.500000, ZIP, 3575, 30, 119.166667, 83, 93, 
CA3, 000600, 77, 87, PRSH, 2154, 30, 71.800000, ZIP, 5232, 30, 174.400000, 77, 87, 
CA3, 000600, 84, 90, PRSH, 1787, 30, 59.566667, ZIP, 4552, 30, 151.733333, 84, 90, 
CA3, 000600, 90, 95, PRSH, 1848, 30, 61.600000, ZIP, 4383, 30, 146.100000, 90, 95, 
CA3, 000600, 87, 88, PRSH, 1094, 30, 36.466667, ZIP, 3919, 30, 130.633333, 87, 88, 
CA3, 000600, 79, 86, PRSH, 2542, 30, 84.733333, ZIP, 5254, 30, 175.133333, 79, 86, 
CA3, 000600, 94, 96, PRSH, 1291, 30, 43.033333, ZIP, 4727, 30, 157.566667, 94, 96, 
CA3, 000600, 82, 84, PRSH, 1290, 30, 43.000000, ZIP, 4005, 30, 133.500000, 82, 84, 
CA3, 000600, 86, 90, PRSH, 2928, 30, 97.600000, ZIP, 4575, 30, 152.500000, 86, 90, 
CA3, 000600, 88, 89, PRSH, 2223, 30, 74.100000, ZIP, 4435, 30, 147.833333, 88, 89, 
CA3, 000600, 90, 102, PRSH, 2907, 30, 96.900000, ZIP, 5503, 30, 183.433333, 90, 102, 
CA3, 000600, 81, 83, PRSH, 3343, 30, 111.433333, ZIP, 3685, 30, 122.833333, 81, 83, 
CA3, 000600, 100, 126, PRSH, 2352, 30, 78.400000, ZIP, 4984, 30, 166.133333, 100, 126, 
CA3, 000600, 93, 97, PRSH, 1918, 30, 63.933333, ZIP, 2916, 30, 97.200000, 93, 97, 
CA3, 000600, 84, 92, PRSH, 1779, 30, 59.300000, ZIP, 3239, 30, 107.966667, 84, 92, 
CA3, 000600, 77, 81, PRSH, 2092, 30, 69.733333, ZIP, 5511, 30, 183.700000, 77, 81, 
CA3, 000600, 88, 89, PRSH, 1499, 30, 49.966667, ZIP, 5065, 30, 168.833333, 88, 89, 
CA3, 000600, 98, 134, PRSH, 2839, 30, 94.633333, ZIP, 4760, 30, 158.666667, 98, 134, 
CA3, 000600, 99, 128, PRSH, 1639, 30, 54.633333, ZIP, 4438, 30, 147.933333, 99, 128, 
CA3, 000600, 86, 98, PRSH, 1746, 30, 58.200000, ZIP, 5131, 30, 171.033333, 86, 98, 
CA3, 000600, 81, 84, PRSH, 2614, 30, 87.133333, ZIP, 4450, 30, 148.333333, 81, 84, 
CA3, 000600, 79, 87, PRSH, 1816, 30, 60.533333, ZIP, 4146, 30, 138.200000, 79, 87, 
CA3, 000600, 76, 88, PRSH, 2708, 30, 90.266667, ZIP, 4125, 30, 137.500000, 76, 88, 
CA3, 000600, 80, 84, PRSH, 1271, 30, 42.366667, ZIP, 5945, 30, 198.166667, 80, 84, 
CA3, 000600, 77, 84, PRSH, 1579, 30, 52.633333, ZIP, 3905, 30, 130.166667, 77, 84, 
CA3, 000600, 80, 87, PRSH, 2565, 30, 85.500000, ZIP, 5741, 30, 191.366667, 80, 87, 
CA3, 000600, 76, 84, PRSH, 1681, 30, 56.033333, ZIP, 5864, 30, 195.466667, 76, 84, 
CA3, 000600, 84, 88, PRSH, 1717, 30, 57.233333, ZIP, 5306, 30, 176.866667, 84, 88, 
CA3, 000600, 91, 103, PRSH, 2022, 30, 67.400000, ZIP, 3807, 30, 126.900000, 91, 103, 
CA3, 000600, 76, 87, PRSH, 1780, 30, 59.333333, ZIP, 4348, 30, 144.933333, 76, 87, 
CA3, 000600, 94, 125, PRSH, 1892, 30, 63.066667, ZIP, 3528, 30, 117.600000, 94, 125, 
CA3, 000600, 81, 84, PRSH, 3384, 30, 112.800000, ZIP, 4952, 30, 165.066667, 81, 84, 
CA3, 000600, 93, 102, PRSH, 2024, 30, 67.466667, ZIP, 4917, 30, 163.900000, 93, 102, 
CA3, 000600, 91, 94, PRSH, 2971, 30, 99.033333, ZIP, 4375, 30, 145.833333, 91, 94, 
CA3, 000600, 96, 114, PRSH, 1644, 30, 54.800000, ZIP, 4029, 30, 134.300000, 96, 114, 
CA3, 000600, 98, 121, PRSH, 1342, 30, 44.733333, ZIP, 3996, 30, 133.200000, 98, 121, 
CA3, 000600, 89, 100, PRSH, 2295, 30, 76.500000, ZIP, 4243, 30, 141.433333, 89, 100, 
CA3, 000600, 78, 82, PRSH, 1214, 30, 40.466667, ZIP, 3522, 30, 117.400000, 78, 82, 
CA3, 000600, 91, 111, PRSH, 2837, 30, 94.566667, ZIP, 3768, 30, 125.600000, 91, 111, 
CA3, 000600, 79, 92, PRSH, 3241, 30, 108.033333, ZIP, 5875, 30, 195.833333, 79, 92, 
CA3, 000600, 83, 91, PRSH, 2568, 30, 85.600000, ZIP, 3159, 30, 105.300000, 83, 91, 
CA3, 000600, 78, 83, PRSH, 1072, 30, 35.733333, ZIP, 3459, 30, 115.300000, 78, 83, 
CA3, 000600, 80, 85, PRSH, 2122, 30, 70.733333, ZIP, 4282, 30, 142.733333, 80, 85, 
CA3, 000600, 78, 87, PRSH, 2024, 30, 67.466667, ZIP, 4826, 30, 160.866667, 78, 87, 
CA3, 000600, 79, 90, PRSH, 2118, 30, 70.600000, ZIP, 5300, 30, 176.666667, 79, 90, 
CA3, 000600, 92, 94, PRSH, 1114, 30, 37.133333, ZIP, 5699, 30, 189.966667, 92, 94, 
CA3, 000600, 92, 96, PRSH, 1756, 30, 58.533333, ZIP, 3676, 30, 122.533333, 92, 96, 
CA3, 000600, 82, 88, PRSH, 2645, 30, 88.166667, ZIP, 4671, 30, 155.700000, 82, 88, 
CA3, 000600, 80, 84, PRSH, 1201, 30, 40.033333, ZIP, 4084, 30, 136.133333, 80, 84, 
CA3, 000600, 87, 89, PRSH, 2650, 30, 88.333333, ZIP, 4285, 30, 142.833333, 87, 89, 
CA3, 000600, 100, 109, PRSH, 1660, 30, 55.333333, ZIP, 4897, 30, 163.233333, 100, 109, 
CA3, 000600, 97, 101, PRSH, 1642, 30, 54.733333, ZIP, 5313, 30, 177.100000, 97, 101, 
CA3, 000600, 94, 99, PRSH, 1959, 30, 65.300000, ZIP, 4702, 30, 156.733333, 94, 99, 
CA3, 000600, 83, 85, PRSH, 1538, 30, 51.266667, ZIP, 4747, 30, 158.233333, 83, 85, 
CA3, 000600, 71, 83, PRSH, 3342, 30, 111.400000, ZIP, 4084, 30, 136.133333, 71, 83, 
CA3, 000600, 91, 98, PRSH, 945, 30, 31.500000, ZIP, 4443, 30, 148.100000, 91, 98, 
CA3, 000600, 97, 124, PRSH, 1125, 30, 37.500000, ZIP, 5286, 30, 176.200000, 97, 124, 
CA3, 000600, 100, 103, PRSH, 1528, 30, 50.933333, ZIP, 3648, 30, 121.600000, 100, 103, 
CA3, 000600, 79, 89, PRSH, 3001, 30, 100.033333, ZIP, 4961, 30, 165.366667, 79, 89, 
CA3, 000600, 77, 82, PRSH, 1928, 30, 64.266667, ZIP, 5904, 30, 196.800000, 77, 82, 
CA3, 000600, 86, 87, PRSH, 830, 30, 27.666667, ZIP, 5053, 30, 168.433333, 86, 87, 
CA3, 000600, 79, 89, PRSH, 2420, 30, 80.666667, ZIP, 6285, 30, 209.500000, 79, 89, 
CA3, 000600, 95, 96, PRSH, 1887, 30, 62.900000, ZIP, 4753, 30, 158.433333, 95, 96, 
CA3, 000600, 94, 98, PRSH, 2355, 30, 78.500000, ZIP, 4901, 30, 163.366667, 94, 98, 
CA3, 000600, 78, 88, PRSH, 2308, 30, 76.933333, ZIP, 5162, 30, 172.066667, 78, 88, 
CA3, 000600, 100, 138, PRSH, 1967, 30, 65.566667, ZIP, 4673, 30, 155.766667, 100, 138, 
CA3, 000600, 81, 90, PRSH, 2834, 30, 94.466667, ZIP, 3891, 30, 129.700000, 81, 90, 
CA3, 000600, 79, 84, PRSH, 1978, 30, 65.933333, ZIP, 3525, 30, 117.500000, 79, 84, 
CA3, 000600, 92, 100, PRSH, 2758, 30, 91.933333, ZIP, 5279, 30, 175.966667, 92, 100, 
CA3, 000600, 93, 98, PRSH, 1912, 30, 63.733333, ZIP, 4395, 30, 146.500000, 93, 98, 
CA3, 000600, 84, 95, PRSH, 2429, 30, 80.966667, ZIP, 5768, 30, 192.266667, 84, 95, 
CA3, 000600, 83, 86, PRSH, 1910, 30, 63.666667, ZIP, 3904, 30, 130.133333, 83, 86, 
CA3, 000600, 81, 87, PRSH, 1673, 30, 55.766667, ZIP, 5407, 30, 180.233333, 81, 87, 
CA3, 000600, 81, 87, PRSH, 2069, 30, 68.966667, ZIP, 4294, 30, 143.133333, 81, 87, 
CA3, 000600, 89, 94, PRSH, 1611, 30, 53.700000, ZIP, 3824, 30, 127.466667, 89, 94, 
CA3, 000600, 76, 87, PRSH, 2094, 30, 69.800000, ZIP, 5078, 30, 169.266667, 76, 87, 
CA3, 000600, 80, 88, PRSH, 3331, 30, 111.033333, ZIP, 5908, 30, 196.933333, 80, 88, 
CA3, 000600, 84, 87, PRSH, 1793, 30, 59.766667, ZIP, 4960, 30, 165.333333, 84, 87, 
CA3, 000600, 87, 92, PRSH, 1691, 30, 56.366667, ZIP, 6147, 30, 204.900000, 87, 92, 
CA3, 000600, 95, 101, PRSH, 845, 30, 28.166667, ZIP, 4799, 30, 159.966667, 95, 101, 
CA3, 000600, 86, 90, PRSH, 2272, 30, 75.733333, ZIP, 3459, 30, 115.300000, 86, 90, 
CA3, 000600, 97, 99, PRSH, 2097, 30, 69.900000, ZIP, 4619, 30, 153.966667, 97, 99, 
CA3, 000600, 89, 98, PRSH, 2071, 30, 69.033333, ZIP, 5067, 30, 168.900000, 89, 98, 
CA3, 000600, 83, 87, PRSH, 2747, 30, 91.566667, ZIP, 6056, 30, 201.866667, 83, 87, 
CA3, 000600, 76, 79, PRSH, 2868, 30, 95.600000, ZIP, 6499, 30, 216.633333, 76, 79, 
CA3, 000600, 79, 89, PRSH, 1262, 30, 42.066667, ZIP, 4319, 30, 143.966667, 79, 89, 
CA3, 000600, 79, 89, PRSH, 1872, 30, 62.400000, ZIP, 3881, 30, 129.366667, 79, 89, 
CA3, 000600, 87, 162, PRSH, 1173, 30, 39.100000, ZIP, 3146, 30, 104.866667, 87, 162, 
CA3, 000600, 87, 93, PRSH, 2341, 30, 78.033333, ZIP, 5616, 30, 187.200000, 87, 93, 
CA3, 000600, 88, 89, PRSH, 728, 30, 24.266667, ZIP, 4599, 30, 153.300000, 88, 89, 
CA3, 000600, 88, 93, PRSH, 1296, 30, 43.200000, ZIP, 3471, 30, 115.700000, 88, 93, 
CA3, 000600, 85, 89, PRSH, 1970, 30, 65.666667, ZIP, 4437, 30, 147.900000, 85, 89, 
CA3, 000600, 74, 81, PRSH, 1256, 30, 41.866667, ZIP, 3779, 30, 125.966667, 74, 81, 
CA3, 000600, 95, 123, PRSH, 2770, 30, 92.333333, ZIP, 6171, 30, 205.700000, 95, 123, 
CA3, 000600, 85, 87, PRSH, 2309, 30, 76.966667, ZIP, 5470, 30, 182.333333, 85, 87, 
CA3, 000600, 83, 89, PRSH, 2100, 30, 70.000000, ZIP, 4458, 30, 148.600000, 83, 89, 
CA3, 000600, 79, 94, PRSH, 2186, 30, 72.866667, ZIP, 3948, 30, 131.600000, 79, 94, 
CA3, 000600, 87, 90, PRSH, 1725, 30, 57.500000, ZIP, 4611, 30, 153.700000, 87, 90, 
CA3, 000600, 85, 90, PRSH, 2007, 30, 66.900000, ZIP, 4262, 30, 142.066667, 85, 90, 
CA3, 000600, 81, 87, PRSH, 1330, 30, 44.333333, ZIP, 4507, 30, 150.233333, 81, 87, 
CA3, 000600, 81, 86, PRSH, 2740, 30, 91.333333, ZIP, 3063, 30, 102.100000, 81, 86, 
CA3, 000600, 81, 87, PRSH, 1498, 30, 49.933333, ZIP, 2962, 30, 98.733333, 81, 87, 
CA3, 000600, 83, 86, PRSH, 1723, 30, 57.433333, ZIP, 4188, 30, 139.600000, 83, 86, 
CA3, 000600, 80, 82, PRSH, 2340, 30, 78.000000, ZIP, 5029, 30, 167.633333, 80, 82, 
CA3, 000600, 80, 94, PRSH, 2507, 30, 83.566667, ZIP, 5382, 30, 179.400000, 80, 94, 
CA3, 000600, 94, 96, PRSH, 1987, 30, 66.233333, ZIP, 4738, 30, 157.933333, 94, 96, 
CA3, 000600, 83, 88, PRSH, 2114, 30, 70.466667, ZIP, 3938, 30, 131.266667, 83, 88, 
CA3, 000600, 91, 94, PRSH, 1741, 30, 58.033333, ZIP, 5927, 30, 197.566667, 91, 94, 
CA3, 000600, 84, 96, PRSH, 2568, 30, 85.600000, ZIP, 4679, 30, 155.966667, 84, 96, 
CA3, 000600, 75, 95, PRSH, 2847, 30, 94.900000, ZIP, 5452, 30, 181.733333, 75, 95, 
CA3, 000600, 83, 89, PRSH, 1507, 30, 50.233333, ZIP, 4006, 30, 133.533333, 83, 89, 
CA3, 000600, 89, 96, PRSH, 1421, 30, 47.366667, ZIP, 3810, 30, 127.000000, 89, 96, 
CA3, 000600, 100, 102, PRSH, 1182, 30, 39.400000, ZIP, 3892, 30, 129.733333, 100, 102, 
CA3, 000600, 78, 85, PRSH, 2254, 30, 75.133333, ZIP, 4357, 30, 145.233333, 78, 85, 
CA3, 000600, 78, 87, PRSH, 1149, 30, 38.300000, ZIP, 3262, 30, 108.733333, 78, 87, 
CA3, 000600, 79, 85, PRSH, 2737, 30, 91.233333, ZIP, 5423, 30, 180.766667, 79, 85, 
CA3, 000600, 83, 87, PRSH, 2029, 30, 67.633333, ZIP, 3695, 30, 123.166667, 83, 87, 
CA3, 000600, 89, 91, PRSH, 1498, 30, 49.933333, ZIP, 3950, 30, 131.666667, 89, 91, 
CA3, 000600, 80, 86, PRSH, 2262, 30, 75.400000, ZIP, 4340, 30, 144.666667, 80, 86, 
CA3, 000600, 80, 83, PRSH, 1741, 30, 58.033333, ZIP, 3012, 30, 100.400000, 80, 83, 
CA3, 000600, 93, 148, PRSH, 2295, 30, 76.500000, ZIP, 5252, 30, 175.066667, 93, 148, 
CA3, 000600, 79, 83, PRSH, 1446, 30, 48.200000, ZIP, 3765, 30, 125.500000, 79, 83, 
CA3, 000600, 86, 89, PRSH, 1656, 30, 55.200000, ZIP, 3322, 30, 110.733333, 86, 89, 
CA3, 000600, 88, 89, PRSH, 1482, 30, 49.400000, ZIP, 5378, 30, 179.266667, 88, 89, 
CA3, 000600, 99, 103, PRSH, 1681, 30, 56.033333, ZIP, 4846, 30, 161.533333, 99, 103, 
CA3, 000600, 84, 90, PRSH, 1862, 30, 62.066667, ZIP, 5632, 30, 187.733333, 84, 90, 
CA3, 000600, 93, 95, PRSH, 1712, 30, 57.066667, ZIP, 4386, 30, 146.200000, 93, 95, 
CA3, 000600, 88, 92, PRSH, 1651, 30, 55.033333, ZIP, 4014, 30, 133.800000, 88, 92, 
CA3, 000600, 79, 89, PRSH, 2320, 30, 77.333333, ZIP, 3964, 30, 132.133333, 79, 89, 
CA3, 000600, 78, 80, PRSH, 1429, 30, 47.633333, ZIP, 4544, 30, 151.466667, 78, 80, 
CA3, 000600, 79, 85, PRSH, 2625, 30, 87.500000, ZIP, 4295, 30, 143.166667, 79, 85, 
CA3, 000600, 97, 100, PRSH, 1820, 30, 60.666667, ZIP, 5132, 30, 171.066667, 97, 100, 
CA3, 000600, 98, 129, PRSH, 2392, 30, 79.733333, ZIP, 3842, 30, 128.066667, 98, 129, 
CA3, 000600, 83, 95, PRSH, 1279, 30, 42.633333, ZIP, 3932, 30, 131.066667, 83, 95, 
CA3, 000600, 78, 85, PRSH, 1985, 30, 66.166667, ZIP, 5473, 30, 182.433333, 78, 85, 
CA3, 000600, 81, 89, PRSH, 3314, 30, 110.466667, ZIP, 5877, 30, 195.900000, 81, 89, 
CA3, 000600, 83, 91, PRSH, 2429, 30, 80.966667, ZIP, 3778, 30, 125.933333, 83, 91, 
CA3, 000600, 80, 90, PRSH, 2117, 30, 70.566667, ZIP, 5316, 30, 177.200000, 80, 90, 
CA3, 000600, 77, 85, PRSH, 2550, 30, 85.000000, ZIP, 5693, 30, 189.766667, 77, 85, 
CA3, 000600, 91, 98, PRSH, 2214, 30, 73.800000, ZIP, 4832, 30, 161.066667, 91, 98, 
CA3, 000600, 80, 84, PRSH, 1725, 30, 57.500000, ZIP, 4390, 30, 146.333333, 80, 84, 
CA3, 000600, 84, 89, PRSH, 1693, 30, 56.433333, ZIP, 3827, 30, 127.566667, 84, 89, 
CA3, 000600, 82, 89, PRSH, 1865, 30, 62.166667, ZIP, 5636, 30, 187.866667, 82, 89, 
CA3, 000600, 95, 102, PRSH, 2697, 30, 89.900000, ZIP, 3487, 30, 116.233333, 95, 102, 
CA3, 000600, 91, 143, PRSH, 1169, 30, 38.966667, ZIP, 2942, 30, 98.066667, 91, 143, 
CA3, 000600, 84, 92, PRSH, 1197, 30, 39.900000, ZIP, 4120, 30, 137.333333, 84, 92, 
CA3, 000600, 84, 90, PRSH, 1520, 30, 50.666667, ZIP, 5533, 30, 184.433333, 84, 90, 
CA3, 000600, 98, 102, PRSH, 1798, 30, 59.933333, ZIP, 4430, 30, 147.666667, 98, 102, 
CA3, 000600, 97, 135, PRSH, 2361, 30, 78.700000, ZIP, 4521, 30, 150.700000, 97, 135, 
CA3, 000600, 82, 84, PRSH, 1753, 30, 58.433333, ZIP, 2943, 30, 98.100000, 82, 84, 
CA3, 000600, 84, 88, PRSH, 3054, 30, 101.800000, ZIP, 4914, 30, 163.800000, 84, 88, 
CA3, 000600, 76, 78, PRSH, 1944, 30, 64.800000, ZIP, 4673, 30, 155.766667, 76, 78, 
CA3, 000600, 86, 89, PRSH, 2081, 30, 69.366667, ZIP, 5847, 30, 194.900000, 86, 89, 
CA3, 000600, 81, 84, PRSH, 1836, 30, 61.200000, ZIP, 5385, 30, 179.500000, 81, 84, 
CA3, 000600, 83, 88, PRSH, 2540, 30, 84.666667, ZIP, 3634, 30, 121.133333, 83, 88, 
CA3, 000600, 77, 85, PRSH, 2524, 30, 84.133333, ZIP, 4480, 30, 149.333333, 77, 85, 
CA3, 000600, 94, 104, PRSH, 2595, 30, 86.500000, ZIP, 3950, 30, 131.666667, 94, 104, 
CA3, 000600, 81, 82, PRSH, 2767, 30, 92.233333, ZIP, 5532, 30, 184.400000, 81, 82, 
CA3, 000600, 85, 90, PRSH, 2533, 30, 84.433333, ZIP, 5373, 30, 179.100000, 85, 90, 
CA3, 000600, 102, 119, PRSH, 1958, 30, 65.266667, ZIP, 4172, 30, 139.066667, 102, 119, 
CA3, 000600, 91, 96, PRSH, 2758, 30, 91.933333, ZIP, 4720, 30, 157.333333, 91, 96, 
CA3, 000600, 85, 90, PRSH, 2677, 30, 89.233333, ZIP, 5169, 30, 172.300000, 85, 90, 
CA3, 000600, 81, 88, PRSH, 3083, 30, 102.766667, ZIP, 4765, 30, 158.833333, 81, 88, 
CA3, 000600, 90, 98, PRSH, 1720, 30, 57.333333, ZIP, 4147, 30, 138.233333, 90, 98, 
CA3, 000600, 95, 123, PRSH, 2273, 30, 75.766667, ZIP, 5888, 30, 196.266667, 95, 123, 
CA3, 000600, 80, 85, PRSH, 1321, 30, 44.033333, ZIP, 3687, 30, 122.900000, 80, 85, 
CA3, 000600, 83, 87, PRSH, 3831, 30, 127.700000, ZIP, 6045, 30, 201.500000, 83, 87, 
CA3, 000600, 76, 87, PRSH, 1735, 30, 57.833333, ZIP, 4404, 30, 146.800000, 76, 87, 
CA3, 000600, 84, 85, PRSH, 1882, 30, 62.733333, ZIP, 5226, 30, 174.200000, 84, 85, 
CA3, 000600, 76, 78, PRSH, 2540, 30, 84.666667, ZIP, 4670, 30, 155.666667, 76, 78, 
CA3, 000600, 79, 89, PRSH, 1955, 30, 65.166667, ZIP, 5066, 30, 168.866667, 79, 89, 
CA3, 000600, 95, 112, PRSH, 2267, 30, 75.566667, ZIP, 6045, 30, 201.500000, 95, 112, 
CA3, 000600, 81, 85, PRSH, 1715, 30, 57.166667, ZIP, 4263, 30, 142.100000, 81, 85, 
CA3, 000600, 84, 94, PRSH, 1326, 30, 44.200000, ZIP, 5349, 30, 178.300000, 84, 94, 
CA3, 000600, 89, 94, PRSH, 1936, 30, 64.533333, ZIP, 2956, 30, 98.533333, 89, 94, 
CA3, 000600, 82, 92, PRSH, 1171, 30, 39.033333, ZIP, 3604, 30, 120.133333, 82, 92, 
CA3, 000600, 82, 87, PRSH, 2401, 30, 80.033333, ZIP, 4137, 30, 137.900000, 82, 87, 
CA3, 000600, 96, 128, PRSH, 2088, 30, 69.600000, ZIP, 3166, 30, 105.533333, 96, 128, 
CA3, 000600, 87, 92, PRSH, 2148, 30, 71.600000, ZIP, 3571, 30, 119.033333, 87, 92, 
CA3, 000600, 92, 96, PRSH, 756, 30, 25.200000, ZIP, 2604, 30, 86.800000, 92, 96, 
CA3, 000600, 85, 88, PRSH, 1987, 30, 66.233333, ZIP, 4551, 30, 151.700000, 85, 88, 
CA3, 000600, 77, 84, PRSH, 2391, 30, 79.700000, ZIP, 5146, 30, 171.533333, 77, 84, 
CA3, 000600, 93, 105, PRSH, 1606, 30, 53.533333, ZIP, 4081, 30, 136.033333, 93, 105, 
CA3, 000600, 97, 101, PRSH, 2305, 30, 76.833333, ZIP, 4751, 30, 158.366667, 97, 101, 
CA3, 000600, 79, 92, PRSH, 2787, 30, 92.900000, ZIP, 3951, 30, 131.700000, 79, 92, 
CA3, 000600, 77, 79, PRSH, 1777, 30, 59.233333, ZIP, 5259, 30, 175.300000, 77, 79, 
CA3, 000600, 81, 86, PRSH, 2634, 30, 87.800000, ZIP, 4868, 30, 162.266667, 81, 86, 
CA3, 000600, 81, 90, PRSH, 2052, 30, 68.400000, ZIP, 4410, 30, 147.000000, 81, 90, 
CA3, 000600, 79, 87, PRSH, 2125, 30, 70.833333, ZIP, 4764, 30, 158.800000, 79, 87, 
CA3, 000600, 77, 84, PRSH, 1478, 30, 49.266667, ZIP, 5769, 30, 192.300000, 77, 84, 
CA3, 000600, 77, 84, PRSH, 2919, 30, 97.300000, ZIP, 6030, 30, 201.000000, 77, 84, 
CA3, 000600, 83, 87, PRSH, 2918, 30, 97.266667, ZIP, 3304, 30, 110.133333, 83, 87, 
CA3, 000600, 94, 98, PRSH, 1539, 30, 51.300000, ZIP, 3755, 30, 125.166667, 94, 98, 
CA3, 000600, 99, 136, PRSH, 2306, 30, 76.866667, ZIP, 4422, 30, 147.400000, 99, 136, 
CA3, 000600, 78, 90, PRSH, 3045, 30, 101.500000, ZIP, 3606, 30, 120.200000, 78, 90, 
CA3, 000600, 93, 96, PRSH, 1032, 30, 34.400000, ZIP, 5724, 30, 190.800000, 93, 96, 
CA3, 000600, 86, 91, PRSH, 1848, 30, 61.600000, ZIP, 5640, 30, 188.000000, 86, 91, 
CA3, 000600, 80, 83, PRSH, 1792, 30, 59.733333, ZIP, 4854, 30, 161.800000, 80, 83, 
CA3, 000600, 94, 95, PRSH, 1700, 30, 56.666667, ZIP, 3564, 30, 118.800000, 94, 95, 
CA3, 000600, 79, 90, PRSH, 2129, 30, 70.966667, ZIP, 4616, 30, 153.866667, 79, 90, 
CA3, 000600, 79, 81, PRSH, 1254, 30, 41.800000, ZIP, 3740, 30, 124.666667, 79, 81, 
CA3, 000600, 90, 96, PRSH, 2693, 30, 89.766667, ZIP, 5398, 30, 179.933333, 90, 96, 
CA3, 000600, 82, 87, PRSH, 1203, 30, 40.100000, ZIP, 3572, 30, 119.066667, 82, 87, 
CA3, 000600, 88, 142, PRSH, 2267, 30, 75.566667, ZIP, 5328, 30, 177.600000, 88, 142, 
CA3, 000600, 82, 88, PRSH, 2967, 30, 98.900000, ZIP, 3901, 30, 130.033333, 82, 88, 
CA3, 000600, 88, 92, PRSH, 2797, 30, 93.233333, ZIP, 4584, 30, 152.800000, 88, 92, 
CA3, 000600, 99, 102, PRSH, 2013, 30, 67.100000, ZIP, 3420, 30, 114.000000, 99, 102, 
CA3, 000600, 95, 98, PRSH, 1398, 30, 46.600000, ZIP, 3691, 30, 123.033333, 95, 98, 
CA3, 000600, 86, 88, PRSH, 2915, 30, 97.166667, ZIP, 5543, 30, 184.766667, 86, 88, 
CA3, 000600, 90, 91, PRSH, 2140, 30, 71.333333, ZIP, 3900, 30, 130.000000, 90, 91, 
CA3, 000600, 97, 107, PRSH, 1266, 30, 42.200000, ZIP, 2918, 30, 97.266667, 97, 107, 
CA3, 000600, 91, 95, PRSH, 2571, 30, 85.700000, ZIP, 3678, 30, 122.600000, 91, 95, 
CA3, 000600, 84, 88, PRSH, 2438, 30, 81.266667, ZIP, 4510, 30, 150.333333, 84, 88, 
CA3, 000600, 76, 83, PRSH, 1732, 30, 57.733333, ZIP, 4196, 30, 139.866667, 76, 83, 
CA3, 000600, 91, 127, PRSH, 2191, 30, 73.033333, ZIP, 3301, 30, 110.033333, 91, 127, 
CA3, 000600, 77, 91, PRSH, 2525, 30, 84.166667, ZIP, 4014, 30, 133.800000, 77, 91, 
CA3, 000600, 85, 87, PRSH, 2066, 30, 68.866667, ZIP, 4442, 30, 148.066667, 85, 87, 
CA3, 000600, 100, 102, PRSH, 1415, 30, 47.166667, ZIP, 5951, 30, 198.366667, 100, 102, 
CA3, 000600, 89, 94, PRSH, 2467, 30, 82.233333, ZIP, 5181, 30, 172.700000, 89, 94, 
CA3, 000600, 87, 94, PRSH, 2019, 30, 67.300000, ZIP, 4939, 30, 164.633333, 87, 94, 
CA3, 000600, 83, 88, PRSH, 1941, 30, 64.700000, ZIP, 5115, 30, 170.500000, 83, 88, 
CA3, 000600, 83, 92, PRSH, 1505, 30, 50.166667, ZIP, 6246, 30, 208.200000, 83, 92, 
CA3, 000600, 83, 86, PRSH, 1516, 30, 50.533333, ZIP, 3661, 30, 122.033333, 83, 86, 
CA3, 000600, 81, 89, PRSH, 2594, 30, 86.466667, ZIP, 5704, 30, 190.133333, 81, 89, 
CA3, 000600, 76, 80, PRSH, 1982, 30, 66.066667, ZIP, 4230, 30, 141.000000, 76, 80, 
CA3, 000600, 99, 116, PRSH, 1827, 30, 60.900000, ZIP, 3167, 30, 105.566667, 99, 116, 
CA3, 000600, 85, 88, PRSH, 1726, 30, 57.533333, ZIP, 4535, 30, 151.166667, 85, 88, 
CA3, 000600, 82, 87, PRSH, 1516, 30, 50.533333, ZIP, 3592, 30, 119.733333, 82, 87, 
CA3, 000600, 83, 96, PRSH, 1784, 30, 59.466667, ZIP, 2905, 30, 96.833333, 83, 96, 
CA3, 000600, 77, 87, PRSH, 2076, 30, 69.200000, ZIP, 3661, 30, 122.033333, 77, 87, 
CA3, 000600, 89, 91, PRSH, 1349, 30, 44.966667, ZIP, 4646, 30, 154.866667, 89, 91, 
CA3, 000600, 84, 87, PRSH, 2374, 30, 79.133333, ZIP, 5054, 30, 168.466667, 84, 87, 
CA3, 000600, 86, 88, PRSH, 2525, 30, 84.166667, ZIP, 5123, 30, 170.766667, 86, 88, 
CA3, 000600, 81, 91, PRSH, 1786, 30, 59.533333, ZIP, 5194, 30, 173.133333, 81, 91, 
CA3, 000600, 93, 96, PRSH, 1823, 30, 60.766667, ZIP, 3760, 30, 125.333333, 93, 96, 
CA3, 000600, 75, 79, PRSH, 1550, 30, 51.666667, ZIP, 5356, 30, 178.533333, 75, 79, 
CA3, 000600, 73, 80, PRSH, 2516, 30, 83.866667, ZIP, 4582, 30, 152.733333, 73, 80, 
CA3, 000600, 90, 93, PRSH, 1694, 30, 56.466667, ZIP, 4570, 30, 152.333333, 90, 93, 
CA3, 000600, 79, 84, PRSH, 2571, 30, 85.700000, ZIP, 4927, 30, 164.233333, 79, 84, 
CA3, 000600, 81, 89, PRSH, 2013, 30, 67.100000, ZIP, 4899, 30, 163.300000, 81, 89, 
CA3, 000600, 99, 114, PRSH, 3006, 30, 100.200000, ZIP, 5209, 30, 173.633333, 99, 114, 
CA3, 000600, 76, 82, PRSH, 1773, 30, 59.100000, ZIP, 5833, 30, 194.433333, 76, 82, 
CA3, 000600, 78, 84, PRSH, 2207, 30, 73.566667, ZIP, 5077, 30, 169.233333, 78, 84, 
CA3, 000600, 71, 74, PRSH, 3220, 30, 107.333333, ZIP, 6428, 30, 214.266667, 71, 74, 
CA3, 000600, 77, 82, PRSH, 1831, 30, 61.033333, ZIP, 3721, 30, 124.033333, 77, 82, 
CA3, 000600, 78, 84, PRSH, 1298, 30, 43.266667, ZIP, 3602, 30, 120.066667, 78, 84, 
CA3, 000600, 90, 94, PRSH, 2648, 30, 88.266667, ZIP, 5920, 30, 197.333333, 90, 94, 
CA3, 000600, 78, 89, PRSH, 2153, 30, 71.766667, ZIP, 4877, 30, 162.566667, 78, 89, 
CA3, 000600, 81, 82, PRSH, 1714, 30, 57.133333, ZIP, 4082, 30, 136.066667, 81, 82, 
CA3, 000600, 77, 81, PRSH, 2260, 30, 75.333333, ZIP, 3546, 30, 118.200000, 77, 81, 
CA3, 000600, 79, 88, PRSH, 1815, 30, 60.500000, ZIP, 3330, 30, 111.000000, 79, 88, 
CA3, 000600, 85, 87, PRSH, 2950, 30, 98.333333, ZIP, 4854, 30, 161.800000, 85, 87, 
CA3, 000600, 78, 97, PRSH, 3724, 30, 124.133333, ZIP, 4810, 30, 160.333333, 78, 97, 
CA3, 000600, 74, 92, PRSH, 1749, 30, 58.300000, ZIP, 6477, 30, 215.900000, 74, 92, 
CA3, 000600, 82, 89, PRSH, 1858, 30, 61.933333, ZIP, 4095, 30, 136.500000, 82, 89, 
CA3, 000600, 78, 88, PRSH, 2806, 30, 93.533333, ZIP, 4831, 30, 161.033333, 78, 88, 
CA3, 000600, 97, 101, PRSH, 1083, 30, 36.100000, ZIP, 3702, 30, 123.400000, 97, 101, 
CA3, 000600, 87, 93, PRSH, 2058, 30, 68.600000, ZIP, 5971, 30, 199.033333, 87, 93, 
CA3, 000600, 93, 143, PRSH, 2087, 30, 69.566667, ZIP, 6421, 30, 214.033333, 93, 143, 
CA3, 000600, 88, 93, PRSH, 2511, 30, 83.700000, ZIP, 4499, 30, 149.966667, 88, 93, 
CA3, 000600, 79, 96, PRSH, 2490, 30, 83.000000, ZIP, 4375, 30, 145.833333, 79, 96, 
CA3, 000600, 82, 90, PRSH, 2484, 30, 82.800000, ZIP, 4966, 30, 165.533333, 82, 90, 
CA3, 000600, 82, 89, PRSH, 2341, 30, 78.033333, ZIP, 4428, 30, 147.600000, 82, 89, 
CA3, 000600, 83, 92, PRSH, 2756, 30, 91.866667, ZIP, 5569, 30, 185.633333, 83, 92, 
CA3, 000600, 81, 83, PRSH, 2117, 30, 70.566667, ZIP, 5241, 30, 174.700000, 81, 83, 
CA3, 000600, 81, 86, PRSH, 2179, 30, 72.633333, ZIP, 4927, 30, 164.233333, 81, 86, 
CA3, 000600, 86, 91, PRSH, 2189, 30, 72.966667, ZIP, 3390, 30, 113.000000, 86, 91, 
CA3, 000600, 87, 89, PRSH, 2748, 30, 91.600000, ZIP, 4465, 30, 148.833333, 87, 89, 
CA3, 000600, 81, 91, PRSH, 1504, 30, 50.133333, ZIP, 6427, 30, 214.233333, 81, 91, 
CA3, 000600, 80, 89, PRSH, 3320, 30, 110.666667, ZIP, 4880, 30, 162.666667, 80, 89, 
CA3, 000600, 100, 112, PRSH, 1794, 30, 59.800000, ZIP, 3511, 30, 117.033333, 100, 112, 
CA3, 000600, 77, 82, PRSH, 1774, 30, 59.133333, ZIP, 5515, 30, 183.833333, 77, 82, 
CA3, 000600, 80, 89, PRSH, 2354, 30, 78.466667, ZIP, 3812, 30, 127.066667, 80, 89, 
CA3, 000600, 81, 87, PRSH, 2046, 30, 68.200000, ZIP, 4289, 30, 142.966667, 81, 87, 
CA3, 000600, 81, 86, PRSH, 2150, 30, 71.666667, ZIP, 5074, 30, 169.133333, 81, 86, 
CA3, 000600, 81, 85, PRSH, 1860, 30, 62.000000, ZIP, 3994, 30, 133.133333, 81, 85, 
CA3, 000600, 84, 88, PRSH, 2878, 30, 95.933333, ZIP, 6011, 30, 200.366667, 84, 88, 
CA3, 000600, 95, 98, PRSH, 1577, 30, 52.566667, ZIP, 4580, 30, 152.666667, 95, 98, 
CA3, 000600, 80, 83, PRSH, 2624, 30, 87.466667, ZIP, 5087, 30, 169.566667, 80, 83, 
CA3, 000600, 94, 109, PRSH, 1195, 30, 39.833333, ZIP, 4499, 30, 149.966667, 94, 109, 
CA3, 000600, 82, 91, PRSH, 2106, 30, 70.200000, ZIP, 5827, 30, 194.233333, 82, 91, 
CA3, 000600, 76, 82, PRSH, 1843, 30, 61.433333, ZIP, 4423, 30, 147.433333, 76, 82, 
CA3, 000600, 99, 106, PRSH, 1801, 30, 60.033333, ZIP, 3442, 30, 114.733333, 99, 106, 
CA3, 000600, 85, 90, PRSH, 1548, 30, 51.600000, ZIP, 5280, 30, 176.000000, 85, 90, 
CA3, 000600, 77, 78, PRSH, 2003, 30, 66.766667, ZIP, 4967, 30, 165.566667, 77, 78, 
CA3, 000600, 93, 101, PRSH, 2702, 30, 90.066667, ZIP, 3674, 30, 122.466667, 93, 101, 
CA3, 000600, 81, 89, PRSH, 2816, 30, 93.866667, ZIP, 3715, 30, 123.833333, 81, 89, 
CA3, 000600, 79, 80, PRSH, 1114, 30, 37.133333, ZIP, 4424, 30, 147.466667, 79, 80, 
CA3, 000600, 83, 85, PRSH, 3662, 30, 122.066667, ZIP, 4770, 30, 159.000000, 83, 85, 
CA3, 000600, 75, 82, PRSH, 1195, 30, 39.833333, ZIP, 4514, 30, 150.466667, 75, 82, 
CA3, 000600, 99, 117, PRSH, 1651, 30, 55.033333, ZIP, 4324, 30, 144.133333, 99, 117, 
CA3, 000600, 75, 79, PRSH, 2244, 30, 74.800000, ZIP, 4292, 30, 143.066667, 75, 79, 
CA3, 000600, 84, 86, PRSH, 2232, 30, 74.400000, ZIP, 4974, 30, 165.800000, 84, 86, 
CA3, 000600, 90, 93, PRSH, 1916, 30, 63.866667, ZIP, 5099, 30, 169.966667, 90, 93, 
CA3, 000600, 97, 102, PRSH, 1844, 30, 61.466667, ZIP, 5389, 30, 179.633333, 97, 102, 
CA3, 000600, 96, 99, PRSH, 1604, 30, 53.466667, ZIP, 4014, 30, 133.800000, 96, 99, 
CA3, 000600, 84, 85, PRSH, 1690, 30, 56.333333, ZIP, 4073, 30, 135.766667, 84, 85, 
CA3, 000600, 75, 80, PRSH, 1412, 30, 47.066667, ZIP, 5240, 30, 174.666667, 75, 80, 
CA3, 000600, 77, 87, PRSH, 3143, 30, 104.766667, ZIP, 4301, 30, 143.366667, 77, 87, 
CA3, 000600, 76, 83, PRSH, 1846, 30, 61.533333, ZIP, 5298, 30, 176.600000, 76, 83, 
CA3, 000600, 80, 84, PRSH, 1408, 30, 46.933333, ZIP, 4095, 30, 136.500000, 80, 84, 
CA3, 000600, 87, 89, PRSH, 1979, 30, 65.966667, ZIP, 3587, 30, 119.566667, 87, 89, 
CA3, 000600, 95, 104, PRSH, 1670, 30, 55.666667, ZIP, 3539, 30, 117.966667, 95, 104, 
CA3, 000600, 76, 87, PRSH, 1845, 30, 61.500000, ZIP, 5372, 30, 179.066667, 76, 87, 
CA3, 000600, 100, 125, PRSH, 2012, 30, 67.066667, ZIP, 4243, 30, 141.433333, 100, 125, 
CA3, 000600, 94, 102, PRSH, 2386, 30, 79.533333, ZIP, 3657, 30, 121.900000, 94, 102, 
CA3, 000600, 91, 97, PRSH, 1688, 30, 56.266667, ZIP, 4239, 30, 141.300000, 91, 97, 
CA3, 000600, 79, 88, PRSH, 1772, 30, 59.066667, ZIP, 4484, 30, 149.466667, 79, 88, 
CA3, 000600, 86, 92, PRSH, 2422, 30, 80.733333, ZIP, 4467, 30, 148.900000, 86, 92, 
CA3, 000600, 76, 81, PRSH, 1985, 30, 66.166667, ZIP, 5570, 30, 185.666667, 76, 81, 
CA3, 000600, 79, 89, PRSH, 1695, 30, 56.500000, ZIP, 4995, 30, 166.500000, 79, 89, 
CA3, 000600, 85, 88, PRSH, 1705, 30, 56.833333, ZIP, 5673, 30, 189.100000, 85, 88, 
CA3, 000600, 87, 90, PRSH, 2369, 30, 78.966667, ZIP, 3507, 30, 116.900000, 87, 90, 
CA3, 000600, 80, 91, PRSH, 1703, 30, 56.766667, ZIP, 3682, 30, 122.733333, 80, 91, 
CA3, 000600, 81, 86, PRSH, 1525, 30, 50.833333, ZIP, 4467, 30, 148.900000, 81, 86, 
CA3, 000600, 84, 88, PRSH, 1541, 30, 51.366667, ZIP, 4965, 30, 165.500000, 84, 88, 
CA3, 000600, 70, 87, PRSH, 1636, 30, 54.533333, ZIP, 4733, 30, 157.766667, 70, 87, 
CA3, 000600, 79, 96, PRSH, 4102, 30, 136.733333, ZIP, 5725, 30, 190.833333, 79, 96, 
CA3, 000600, 100, 104, PRSH, 2188, 30, 72.933333, ZIP, 5084, 30, 169.466667, 100, 104, 
CA3, 000600, 79, 91, PRSH, 1997, 30, 66.566667, ZIP, 3354, 30, 111.800000, 79, 91, 
CA3, 000600, 86, 101, PRSH, 2937, 30, 97.900000, ZIP, 5241, 30, 174.700000, 86, 101, 
CA3, 000600, 96, 99, PRSH, 2353, 30, 78.433333, ZIP, 5365, 30, 178.833333, 96, 99, 
CA3, 000600, 79, 96, PRSH, 2644, 30, 88.133333, ZIP, 6034, 30, 201.133333, 79, 96, 
CA3, 000600, 90, 91, PRSH, 600, 30, 20.000000, ZIP, 3507, 30, 116.900000, 90, 91, 
CA3, 000600, 84, 88, PRSH, 1720, 30, 57.333333, ZIP, 3002, 30, 100.066667, 84, 88, 
CA3, 000600, 77, 86, PRSH, 1502, 30, 50.066667, ZIP, 4603, 30, 153.433333, 77, 86, 
CA3, 000600, 77, 80, PRSH, 1743, 30, 58.100000, ZIP, 5663, 30, 188.766667, 77, 80, 
CA3, 000600, 81, 87, PRSH, 3563, 30, 118.766667, ZIP, 4799, 30, 159.966667, 81, 87, 
CA3, 000600, 78, 96, PRSH, 2191, 30, 73.033333, ZIP, 4894, 30, 163.133333, 78, 96, 
CA3, 000600, 80, 83, PRSH, 2482, 30, 82.733333, ZIP, 3840, 30, 128.000000, 80, 83, 
CA3, 000600, 74, 78, PRSH, 2079, 30, 69.300000, ZIP, 5127, 30, 170.900000, 74, 78, 
CA3, 000600, 100, 138, PRSH, 1378, 30, 45.933333, ZIP, 4523, 30, 150.766667, 100, 138, 
CA3, 000600, 83, 87, PRSH, 1601, 30, 53.366667, ZIP, 4115, 30, 137.166667, 83, 87, 
CA3, 000600, 79, 91, PRSH, 1558, 30, 51.933333, ZIP, 4439, 30, 147.966667, 79, 91, 
CA3, 000600, 78, 83, PRSH, 3446, 30, 114.866667, ZIP, 5245, 30, 174.833333, 78, 83, 
CA3, 000600, 97, 107, PRSH, 1379, 30, 45.966667, ZIP, 4425, 30, 147.500000, 97, 107, 
CA3, 000600, 76, 79, PRSH, 1692, 30, 56.400000, ZIP, 4239, 30, 141.300000, 76, 79, 
CA3, 000600, 82, 89, PRSH, 1840, 30, 61.333333, ZIP, 4988, 30, 166.266667, 82, 89, 
CA3, 000600, 79, 85, PRSH, 1675, 30, 55.833333, ZIP, 4682, 30, 156.066667, 79, 85, 
CA3, 000600, 98, 102, PRSH, 2339, 30, 77.966667, ZIP, 5603, 30, 186.766667, 98, 102, 
CA3, 000600, 91, 93, PRSH, 2697, 30, 89.900000, ZIP, 4950, 30, 165.000000, 91, 93, 
CA3, 000600, 93, 135, PRSH, 2371, 30, 79.033333, ZIP, 4559, 30, 151.966667, 93, 135, 
CA3, 000600, 76, 84, PRSH, 2793, 30, 93.100000, ZIP, 4223, 30, 140.766667, 76, 84, 
CA3, 000600, 96, 101, PRSH, 2034, 30, 67.800000, ZIP, 3200, 30, 106.666667, 96, 101, 
CA3, 000600, 83, 84, PRSH, 2180, 30, 72.666667, ZIP, 3177, 30, 105.900000, 83, 84, 
CA3, 000600, 93, 94, PRSH, 2463, 30, 82.100000, ZIP, 5123, 30, 170.766667, 93, 94, 
CA3, 000600, 100, 103, PRSH, 1772, 30, 59.066667, ZIP, 3635, 30, 121.166667, 100, 103, 
CA3, 000600, 75, 77, PRSH, 2412, 30, 80.400000, ZIP, 4847, 30, 161.566667, 75, 77, 
CA3, 000600, 83, 89, PRSH, 1820, 30, 60.666667, ZIP, 6553, 30, 218.433333, 83, 89, 
CA3, 000600, 77, 80, PRSH, 2175, 30, 72.500000, ZIP, 3957, 30, 131.900000, 77, 80, 
CA3, 000600, 82, 87, PRSH, 2364, 30, 78.800000, ZIP, 6016, 30, 200.533333, 82, 87, 
CA3, 000600, 81, 87, PRSH, 1839, 30, 61.300000, ZIP, 5074, 30, 169.133333, 81, 87, 
CA3, 000600, 87, 90, PRSH, 1657, 30, 55.233333, ZIP, 4200, 30, 140.000000, 87, 90, 
CA3, 000600, 83, 97, PRSH, 2280, 30, 76.000000, ZIP, 4623, 30, 154.100000, 83, 97, 
CA3, 000600, 91, 97, PRSH, 912, 30, 30.400000, ZIP, 3337, 30, 111.233333, 91, 97, 
CA3, 000600, 72, 77, PRSH, 2309, 30, 76.966667, ZIP, 5338, 30, 177.933333, 72, 77, 
CA3, 000600, 82, 86, PRSH, 2837, 30, 94.566667, ZIP, 3856, 30, 128.533333, 82, 86, 
CA3, 000600, 80, 88, PRSH, 4032, 30, 134.400000, ZIP, 4685, 30, 156.166667, 80, 88, 
CA3, 000600, 83, 89, PRSH, 2099, 30, 69.966667, ZIP, 4396, 30, 146.533333, 83, 89, 
CA3, 000600, 86, 90, PRSH, 2083, 30, 69.433333, ZIP, 4257, 30, 141.900000, 86, 90, 
CA3, 000600, 91, 93, PRSH, 2348, 30, 78.266667, ZIP, 4287, 30, 142.900000, 91, 93, 
CA3, 000600, 88, 99, PRSH, 2705, 30, 90.166667, ZIP, 6082, 30, 202.733333, 88, 99, 
CA3, 000600, 98, 101, PRSH, 2179, 30, 72.633333, ZIP, 4278, 30, 142.600000, 98, 101, 
CA3, 000600, 97, 120, PRSH, 2638, 30, 87.933333, ZIP, 5119, 30, 170.633333, 97, 120, 
CA3, 000600, 79, 88, PRSH, 2820, 30, 94.000000, ZIP, 3528, 30, 117.600000, 79, 88, 
CA3, 000600, 78, 83, PRSH, 2027, 30, 67.566667, ZIP, 5230, 30, 174.333333, 78, 83, 
CA3, 000600, 78, 83, PRSH, 1365, 30, 45.500000, ZIP, 2997, 30, 99.900000, 78, 83, 
CA3, 000600, 82, 86, PRSH, 2190, 30, 73.000000, ZIP, 5018, 30, 167.266667, 82, 86, 
CA3, 000600, 95, 103, PRSH, 2261, 30, 75.366667, ZIP, 5121, 30, 170.700000, 95, 103, 
CA3, 000600, 79, 81, PRSH, 1831, 30, 61.033333, ZIP, 4806, 30, 160.200000, 79, 81, 
CA3, 000600, 90, 97, PRSH, 3139, 30, 104.633333, ZIP, 5354, 30, 178.466667, 90, 97, 
CA3, 000600, 82, 88, PRSH, 2765, 30, 92.166667, ZIP, 4379, 30, 145.966667, 82, 88, 
CA3, 000600, 77, 85, PRSH, 1634, 30, 54.466667, ZIP, 4130, 30, 137.666667, 77, 85, 
CA3, 000600, 74, 85, PRSH, 2428, 30, 80.933333, ZIP, 5110, 30, 170.333333, 74, 85, 
CA3, 000600, 79, 94, PRSH, 2844, 30, 94.800000, ZIP, 6099, 30, 203.300000, 79, 94, 
CA3, 000600, 87, 91, PRSH, 1622, 30, 54.066667, ZIP, 4983, 30, 166.100000, 87, 91, 
CA3, 000600, 86, 99, PRSH, 2657, 30, 88.566667, ZIP, 3642, 30, 121.400000, 86, 99, 
CA3, 000600, 79, 85, PRSH, 2528, 30, 84.266667, ZIP, 4807, 30, 160.233333, 79, 85, 
CA3, 000600, 73, 78, PRSH, 1781, 30, 59.366667, ZIP, 3657, 30, 121.900000, 73, 78, 
CA3, 000600, 84, 94, PRSH, 3571, 30, 119.033333, ZIP, 5591, 30, 186.366667, 84, 94, 
CA3, 000600, 87, 95, PRSH, 1510, 30, 50.333333, ZIP, 3048, 30, 101.600000, 87, 95, 
CA3, 000600, 96, 98, PRSH, 1122, 30, 37.400000, ZIP, 3675, 30, 122.500000, 96, 98, 
CA3, 000600, 84, 89, PRSH, 2187, 30, 72.900000, ZIP, 4655, 30, 155.166667, 84, 89, 
CA3, 000600, 81, 82, PRSH, 1840, 30, 61.333333, ZIP, 4697, 30, 156.566667, 81, 82, 
CA3, 000600, 82, 90, PRSH, 1373, 30, 45.766667, ZIP, 4023, 30, 134.100000, 82, 90, 
CA3, 000600, 84, 87, PRSH, 2709, 30, 90.300000, ZIP, 5162, 30, 172.066667, 84, 87, 
CA3, 000600, 77, 83, PRSH, 1565, 30, 52.166667, ZIP, 4340, 30, 144.666667, 77, 83, 
CA3, 000600, 93, 102, PRSH, 3177, 30, 105.900000, ZIP, 3195, 30, 106.500000, 93, 102, 
CA3, 000600, 84, 93, PRSH, 2914, 30, 97.133333, ZIP, 4948, 30, 164.933333, 84, 93, 
CA3, 000600, 75, 82, PRSH, 2186, 30, 72.866667, ZIP, 5516, 30, 183.866667, 75, 82, 
CA3, 000600, 98, 117, PRSH, 1645, 30, 54.833333, ZIP, 3876, 30, 129.200000, 98, 117, 
CA3, 000600, 87, 89, PRSH, 2539, 30, 84.633333, ZIP, 3439, 30, 114.633333, 87, 89, 
CA3, 000600, 91, 96, PRSH, 3113, 30, 103.766667, ZIP, 4126, 30, 137.533333, 91, 96, 
CA3, 000600, 80, 101, PRSH, 2503, 30, 83.433333, ZIP, 6146, 30, 204.866667, 80, 101, 
CA3, 000600, 77, 89, PRSH, 1929, 30, 64.300000, ZIP, 4523, 30, 150.766667, 77, 89, 
CA3, 000600, 70, 74, PRSH, 534, 30, 17.800000, ZIP, 3219, 30, 107.300000, 70, 74, 
CA3, 000600, 78, 87, PRSH, 1589, 30, 52.966667, ZIP, 5605, 30, 186.833333, 78, 87, 
CA3, 000600, 82, 88, PRSH, 1681, 30, 56.033333, ZIP, 4729, 30, 157.633333, 82, 88, 
CA3, 000600, 82, 88, PRSH, 1774, 30, 59.133333, ZIP, 3882, 30, 129.400000, 82, 88, 
CA3, 000600, 71, 79, PRSH, 1378, 30, 45.933333, ZIP, 4126, 30, 137.533333, 71, 79, 
CA3, 000600, 77, 84, PRSH, 1333, 30, 44.433333, ZIP, 5017, 30, 167.233333, 77, 84, 
CA3, 000600, 96, 98, PRSH, 1535, 30, 51.166667, ZIP, 5290, 30, 176.333333, 96, 98, 
CA3, 000600, 88, 89, PRSH, 2028, 30, 67.600000, ZIP, 3237, 30, 107.900000, 88, 89, 
CA3, 000600, 80, 86, PRSH, 1260, 30, 42.000000, ZIP, 4551, 30, 151.700000, 80, 86, 
CA3, 000600, 82, 87, PRSH, 2818, 30, 93.933333, ZIP, 5239, 30, 174.633333, 82, 87, 
CA3, 000600, 86, 91, PRSH, 2153, 30, 71.766667, ZIP, 5489, 30, 182.966667, 86, 91, 
CA3, 000600, 81, 98, PRSH, 2855, 30, 95.166667, ZIP, 5176, 30, 172.533333, 81, 98, 
CA3, 000600, 82, 90, PRSH, 1942, 30, 64.733333, ZIP, 5336, 30, 177.866667, 82, 90, 
CA3, 000600, 85, 87, PRSH, 2245, 30, 74.833333, ZIP, 5674, 30, 189.133333, 85, 87, 
CA3, 000600, 77, 88, PRSH, 1988, 30, 66.266667, ZIP, 5150, 30, 171.666667, 77, 88, 
CA3, 000600, 81, 87, PRSH, 2426, 30, 80.866667, ZIP, 5409, 30, 180.300000, 81, 87, 
CA3, 000600, 82, 89, PRSH, 2505, 30, 83.500000, ZIP, 3145, 30, 104.833333, 82, 89, 
CA3, 000600, 80, 82, PRSH, 2091, 30, 69.700000, ZIP, 4053, 30, 135.100000, 80, 82, 
CA3, 000600, 90, 97, PRSH, 1648, 30, 54.933333, ZIP, 5099, 30, 169.966667, 90, 97, 
CA3, 000600, 79, 82, PRSH, 1402, 30, 46.733333, ZIP, 4628, 30, 154.266667, 79, 82, 
CA3, 000600, 92, 99, PRSH, 2223, 30, 74.100000, ZIP, 4062, 30, 135.400000, 92, 99, 
CA3, 000600, 91, 137, PRSH, 2285, 30, 76.166667, ZIP, 4755, 30, 158.500000, 91, 137, 
CA3, 000600, 76, 86, PRSH, 1828, 30, 60.933333, ZIP, 4538, 30, 151.266667, 76, 86, 
CA3, 000600, 77, 88, PRSH, 1834, 30, 61.133333, ZIP, 4291, 30, 143.033333, 77, 88, 
CA3, 000600, 84, 92, PRSH, 1535, 30, 51.166667, ZIP, 4039, 30, 134.633333, 84, 92, 
CA3, 000600, 94, 96, PRSH, 2013, 30, 67.100000, ZIP, 4665, 30, 155.500000, 94, 96, 
CA3, 000600, 86, 89, PRSH, 1873, 30, 62.433333, ZIP, 4436, 30, 147.866667, 86, 89, 
CA3, 000600, 86, 94, PRSH, 2757, 30, 91.900000, ZIP, 4798, 30, 159.933333, 86, 94, 
CA3, 000600, 79, 85, PRSH, 1656, 30, 55.200000, ZIP, 3685, 30, 122.833333, 79, 85, 
CA3, 000600, 83, 89, PRSH, 2156, 30, 71.866667, ZIP, 4666, 30, 155.533333, 83, 89, 
CA3, 000600, 76, 81, PRSH, 2608, 30, 86.933333, ZIP, 4651, 30, 155.033333, 76, 81, 
CA3, 000600, 87, 93, PRSH, 2269, 30, 75.633333, ZIP, 5848, 30, 194.933333, 87, 93, 
CA3, 000600, 86, 88, PRSH, 3149, 30, 104.966667, ZIP, 5459, 30, 181.966667, 86, 88, 
CA3, 000600, 82, 90, PRSH, 2322, 30, 77.400000, ZIP, 4843, 30, 161.433333, 82, 90, 
CA3, 000600, 87, 88, PRSH, 1544, 30, 51.466667, ZIP, 5177, 30, 172.566667, 87, 88, 
CA3, 000600, 82, 89, PRSH, 2624, 30, 87.466667, ZIP, 4135, 30, 137.833333, 82, 89, 
CA3, 000600, 82, 89, PRSH, 2544, 30, 84.800000, ZIP, 5924, 30, 197.466667, 82, 89, 
CA3, 000600, 98, 135, PRSH, 2479, 30, 82.633333, ZIP, 3904, 30, 130.133333, 98, 135, 
CA3, 000600, 85, 89, PRSH, 2214, 30, 73.800000, ZIP, 4265, 30, 142.166667, 85, 89, 
CA3, 000600, 83, 90, PRSH, 1435, 30, 47.833333, ZIP, 4323, 30, 144.100000, 83, 90, 
CA3, 000600, 97, 108, PRSH, 1910, 30, 63.666667, ZIP, 3863, 30, 128.766667, 97, 108, 
CA3, 000600, 82, 87, PRSH, 2192, 30, 73.066667, ZIP, 4307, 30, 143.566667, 82, 87, 
CA3, 000600, 79, 87, PRSH, 963, 30, 32.100000, ZIP, 4620, 30, 154.000000, 79, 87, 
CA3, 000600, 88, 90, PRSH, 1552, 30, 51.733333, ZIP, 4666, 30, 155.533333, 88, 90, 
CA3, 000600, 82, 87, PRSH, 1636, 30, 54.533333, ZIP, 4467, 30, 148.900000, 82, 87, 
CA3, 000600, 83, 84, PRSH, 1893, 30, 63.100000, ZIP, 4996, 30, 166.533333, 83, 84, 
CA3, 000600, 76, 82, PRSH, 3057, 30, 101.900000, ZIP, 4679, 30, 155.966667, 76, 82, 
CA3, 000600, 78, 79, PRSH, 2800, 30, 93.333333, ZIP, 5397, 30, 179.900000, 78, 79, 
CA3, 000600, 76, 80, PRSH, 2246, 30, 74.866667, ZIP, 4999, 30, 166.633333, 76, 80, 
CA3, 000600, 87, 97, PRSH, 1576, 30, 52.533333, ZIP, 4968, 30, 165.600000, 87, 97, 
CA3, 000600, 88, 95, PRSH, 1618, 30, 53.933333, ZIP, 6363, 30, 212.100000, 88, 95, 
CA3, 000600, 87, 89, PRSH, 1794, 30, 59.800000, ZIP, 5538, 30, 184.600000, 87, 89, 
CA3, 000600, 79, 90, PRSH, 2023, 30, 67.433333, ZIP, 4387, 30, 146.233333, 79, 90, 
CA3, 000600, 83, 92, PRSH, 1673, 30, 55.766667, ZIP, 4766, 30, 158.866667, 83, 92, 
CA3, 000600, 79, 82, PRSH, 2917, 30, 97.233333, ZIP, 4065, 30, 135.500000, 79, 82, 
CA3, 000600, 83, 86, PRSH, 1807, 30, 60.233333, ZIP, 3104, 30, 103.466667, 83, 86, 
CA3, 000600, 80, 90, PRSH, 2235, 30, 74.500000, ZIP, 6787, 30, 226.233333, 80, 90, 
CA3, 000600, 74, 88, PRSH, 2529, 30, 84.300000, ZIP, 4324, 30, 144.133333, 74, 88, 
CA3, 000600, 82, 86, PRSH, 1836, 30, 61.200000, ZIP, 3688, 30, 122.933333, 82, 86, 
CA3, 000600, 84, 90, PRSH, 1724, 30, 57.466667, ZIP, 4118, 30, 137.266667, 84, 90, 
CA3, 000600, 81, 83, PRSH, 3061, 30, 102.033333, ZIP, 5041, 30, 168.033333, 81, 83, 
CA3, 000600, 86, 90, PRSH, 2351, 30, 78.366667, ZIP, 4713, 30, 157.100000, 86, 90, 
CA3, 000600, 95, 141, PRSH, 1905, 30, 63.500000, ZIP, 3633, 30, 121.100000, 95, 141, 
CA3, 000600, 78, 93, PRSH, 1894, 30, 63.133333, ZIP, 4452, 30, 148.400000, 78, 93, 
CA3, 000600, 78, 87, PRSH, 3619, 30, 120.633333, ZIP, 4110, 30, 137.000000, 78, 87, 
CA3, 000600, 98, 108, PRSH, 2618, 30, 87.266667, ZIP, 4950, 30, 165.000000, 98, 108, 
CA3, 000600, 77, 81, PRSH, 3049, 30, 101.633333, ZIP, 4766, 30, 158.866667, 77, 81, 
CA3, 000600, 78, 86, PRSH, 1664, 30, 55.466667, ZIP, 4720, 30, 157.333333, 78, 86, 
CA3, 000600, 88, 94, PRSH, 1898, 30, 63.266667, ZIP, 5587, 30, 186.233333, 88, 94, 
CA3, 000600, 78, 87, PRSH, 2609, 30, 86.966667, ZIP, 5195, 30, 173.166667, 78, 87, 
CA3, 000600, 88, 97, PRSH, 3090, 30, 103.000000, ZIP, 5310, 30, 177.000000, 88, 97, 
CA3, 000600, 84, 94, PRSH, 3041, 30, 101.366667, ZIP, 3232, 30, 107.733333, 84, 94, 
CA3, 000600, 84, 88, PRSH, 1911, 30, 63.700000, ZIP, 4518, 30, 150.600000, 84, 88, 
CA3, 000600, 86, 91, PRSH, 2345, 30, 78.166667, ZIP, 4581, 30, 152.700000, 86, 91, 
CA3, 000600, 98, 126, PRSH, 2270, 30, 75.666667, ZIP, 4434, 30, 147.800000, 98, 126, 
CA3, 000600, 80, 85, PRSH, 2551, 30, 85.033333, ZIP, 3714, 30, 123.800000, 80, 85, 
CA3, 000600, 83, 87, PRSH, 2118, 30, 70.600000, ZIP, 5207, 30, 173.566667, 83, 87, 
CA3, 000600, 83, 88, PRSH, 1853, 30, 61.766667, ZIP, 3628, 30, 120.933333, 83, 88, 
CA3, 000600, 76, 87, PRSH, 3203, 30, 106.766667, ZIP, 4937, 30, 164.566667, 76, 87, 
CA3, 000600, 83, 91, PRSH, 1423, 30, 47.433333, ZIP, 2657, 30, 88.566667, 83, 91, 
CA3, 000600, 86, 90, PRSH, 2379, 30, 79.300000, ZIP, 3570, 30, 119.000000, 86, 90, 
CA3, 000600, 83, 90, PRSH, 2223, 30, 74.100000, ZIP, 3208, 30, 106.933333, 83, 90, 
CA3, 000600, 90, 92, PRSH, 2509, 30, 83.633333, ZIP, 3958, 30, 131.933333, 90, 92, 
CA3, 000600, 98, 130, PRSH, 2291, 30, 76.366667, ZIP, 3862, 30, 128.733333, 98, 130, 
CA3, 000600, 72, 80, PRSH, 1964, 30, 65.466667, ZIP, 5450, 30, 181.666667, 72, 80, 
CA3, 000600, 87, 88, PRSH, 1578, 30, 52.600000, ZIP, 4197, 30, 139.900000, 87, 88, 
CA3, 000600, 99, 109, PRSH, 2391, 30, 79.700000, ZIP, 3001, 30, 100.033333, 99, 109, 
CA3, 000600, 86, 96, PRSH, 2443, 30, 81.433333, ZIP, 4891, 30, 163.033333, 86, 96, 
CA3, 000600, 83, 87, PRSH, 2104, 30, 70.133333, ZIP, 4810, 30, 160.333333, 83, 87, 
CA3, 000600, 83, 93, PRSH, 2218, 30, 73.933333, ZIP, 3991, 30, 133.033333, 83, 93, 
CA3, 000600, 81, 90, PRSH, 1841, 30, 61.366667, ZIP, 5862, 30, 195.400000, 81, 90, 
CA3, 000600, 80, 84, PRSH, 2074, 30, 69.133333, ZIP, 4499, 30, 149.966667, 80, 84, 
CA3, 000600, 84, 88, PRSH, 2050, 30, 68.333333, ZIP, 6682, 30, 222.733333, 84, 88, 
CA3, 000600, 83, 89, PRSH, 2166, 30, 72.200000, ZIP, 4745, 30, 158.166667, 83, 89, 
CA3, 000600, 82, 84, PRSH, 2018, 30, 67.266667, ZIP, 4932, 30, 164.400000, 82, 84, 
CA3, 000600, 78, 87, PRSH, 1751, 30, 58.366667, ZIP, 4967, 30, 165.566667, 78, 87, 
CA3, 000600, 77, 87, PRSH, 2136, 30, 71.200000, ZIP, 5929, 30, 197.633333, 77, 87, 
CA3, 000600, 78, 80, PRSH, 2722, 30, 90.733333, ZIP, 4853, 30, 161.766667, 78, 80, 
CA3, 000600, 82, 86, PRSH, 2011, 30, 67.033333, ZIP, 4551, 30, 151.700000, 82, 86, 
CA3, 000600, 82, 85, PRSH, 2272, 30, 75.733333, ZIP, 3534, 30, 117.800000, 82, 85, 
CA3, 000600, 81, 90, PRSH, 1556, 30, 51.866667, ZIP, 4323, 30, 144.100000, 81, 90, 
CA3, 000600, 84, 85, PRSH, 1607, 30, 53.566667, ZIP, 3249, 30, 108.300000, 84, 85, 
CA3, 000600, 97, 99, PRSH, 1320, 30, 44.000000, ZIP, 4744, 30, 158.133333, 97, 99, 
CA3, 000600, 81, 90, PRSH, 1644, 30, 54.800000, ZIP, 3938, 30, 131.266667, 81, 90, 
CA3, 000600, 90, 92, PRSH, 1912, 30, 63.733333, ZIP, 4606, 30, 153.533333, 90, 92, 
CA3, 000600, 82, 86, PRSH, 2377, 30, 79.233333, ZIP, 5588, 30, 186.266667, 82, 86, 
CA3, 000600, 89, 94, PRSH, 2799, 30, 93.300000, ZIP, 5789, 30, 192.966667, 89, 94, 
CA3, 000600, 74, 78, PRSH, 1884, 30, 62.800000, ZIP, 5769, 30, 192.300000, 74, 78, 
CA3, 000600, 79, 88, PRSH, 1548, 30, 51.600000, ZIP, 3333, 30, 111.100000, 79, 88, 
CA3, 000600, 74, 87, PRSH, 3714, 30, 123.800000, ZIP, 5740, 30, 191.333333, 74, 87, 
CA3, 000600, 91, 92, PRSH, 2952, 30, 98.400000, ZIP, 4432, 30, 147.733333, 91, 92, 
CA3, 000600, 78, 83, PRSH, 1995, 30, 66.500000, ZIP, 4619, 30, 153.966667, 78, 83, 
CA3, 000600, 78, 83, PRSH, 2126, 30, 70.866667, ZIP, 3985, 30, 132.833333, 78, 83, 
CA3, 000600, 78, 85, PRSH, 2336, 30, 77.866667, ZIP, 4909, 30, 163.633333, 78, 85, 
CA3, 000600, 92, 96, PRSH, 2019, 30, 67.300000, ZIP, 4663, 30, 155.433333, 92, 96, 
CA3, 000600, 88, 97, PRSH, 1512, 30, 50.400000, ZIP, 5888, 30, 196.266667, 88, 97, 
CA3, 000600, 77, 81, PRSH, 1666, 30, 55.533333, ZIP, 4115, 30, 137.166667, 77, 81, 
CA3, 000600, 73, 83, PRSH, 2231, 30, 74.366667, ZIP, 5092, 30, 169.733333, 73, 83, 
CA3, 000600, 81, 90, PRSH, 1949, 30, 64.966667, ZIP, 4795, 30, 159.833333, 81, 90, 
CA3, 000600, 79, 93, PRSH, 2106, 30, 70.200000, ZIP, 3615, 30, 120.500000, 79, 93, 
CA3, 000600, 84, 88, PRSH, 1836, 30, 61.200000, ZIP, 4689, 30, 156.300000, 84, 88, 
CA3, 000600, 82, 90, PRSH, 2033, 30, 67.766667, ZIP, 3490, 30, 116.333333, 82, 90, 
CA3, 000600, 71, 92, PRSH, 2441, 30, 81.366667, ZIP, 5680, 30, 189.333333, 71, 92, 
CA3, 000600, 82, 85, PRSH, 1394, 30, 46.466667, ZIP, 2659, 30, 88.633333, 82, 85, 
CA3, 000600, 81, 85, PRSH, 2184, 30, 72.800000, ZIP, 4179, 30, 139.300000, 81, 85, 
CA3, 000600, 78, 83, PRSH, 3115, 30, 103.833333, ZIP, 5360, 30, 178.666667, 78, 83, 
CA3, 000600, 80, 95, PRSH, 3136, 30, 104.533333, ZIP, 3428, 30, 114.266667, 80, 95, 
CA3, 000600, 83, 93, PRSH, 2321, 30, 77.366667, ZIP, 4010, 30, 133.666667, 83, 93, 
CA3, 000600, 83, 94, PRSH, 1981, 30, 66.033333, ZIP, 4961, 30, 165.366667, 83, 94, 
CA3, 000600, 78, 83, PRSH, 2155, 30, 71.833333, ZIP, 5295, 30, 176.500000, 78, 83, 
CA3, 000600, 79, 85, PRSH, 1410, 30, 47.000000, ZIP, 5447, 30, 181.566667, 79, 85, 
CA3, 000600, 86, 92, PRSH, 1811, 30, 60.366667, ZIP, 4368, 30, 145.600000, 86, 92, 
CA3, 000600, 97, 98, PRSH, 1393, 30, 46.433333, ZIP, 4211, 30, 140.366667, 97, 98, 
CA3, 000600, 79, 84, PRSH, 2418, 30, 80.600000, ZIP, 4629, 30, 154.300000, 79, 84, 
CA3, 000600, 80, 85, PRSH, 2608, 30, 86.933333, ZIP, 4401, 30, 146.700000, 80, 85, 
CA3, 000600, 96, 102, PRSH, 2436, 30, 81.200000, ZIP, 5758, 30, 191.933333, 96, 102, 
CA3, 000600, 80, 84, PRSH, 1915, 30, 63.833333, ZIP, 3220, 30, 107.333333, 80, 84, 
CA3, 000600, 81, 88, PRSH, 2417, 30, 80.566667, ZIP, 4095, 30, 136.500000, 81, 88, 
CA3, 000600, 97, 133, PRSH, 1655, 30, 55.166667, ZIP, 4068, 30, 135.600000, 97, 133, 
CA3, 000600, 85, 91, PRSH, 1853, 30, 61.766667, ZIP, 5359, 30, 178.633333, 85, 91, 
CA3, 000600, 75, 90, PRSH, 3349, 30, 111.633333, ZIP, 5557, 30, 185.233333, 75, 90, 
CA3, 000600, 81, 84, PRSH, 2652, 30, 88.400000, ZIP, 4749, 30, 158.300000, 81, 84, 
CA3, 000600, 80, 84, PRSH, 2843, 30, 94.766667, ZIP, 5782, 30, 192.733333, 80, 84, 
CA3, 000600, 78, 83, PRSH, 1549, 30, 51.633333, ZIP, 5229, 30, 174.300000, 78, 83, 
CA3, 000600, 97, 119, PRSH, 1299, 30, 43.300000, ZIP, 2386, 30, 79.533333, 97, 119, 
CA3, 000600, 81, 86, PRSH, 1198, 30, 39.933333, ZIP, 4479, 30, 149.300000, 81, 86, 
CA3, 000600, 79, 95, PRSH, 2113, 30, 70.433333, ZIP, 4937, 30, 164.566667, 79, 95, 
CA3, 000600, 79, 83, PRSH, 2141, 30, 71.366667, ZIP, 4811, 30, 160.366667, 79, 83, 
CA3, 000600, 97, 119, PRSH, 1798, 30, 59.933333, ZIP, 5525, 30, 184.166667, 97, 119, 
CA3, 000600, 87, 88, PRSH, 1083, 30, 36.100000, ZIP, 3748, 30, 124.933333, 87, 88, 
CA3, 000600, 98, 120, PRSH, 2519, 30, 83.966667, ZIP, 4386, 30, 146.200000, 98, 120, 
CA3, 000600, 88, 90, PRSH, 1932, 30, 64.400000, ZIP, 5030, 30, 167.666667, 88, 90, 
CA3, 000600, 99, 104, PRSH, 1469, 30, 48.966667, ZIP, 4183, 30, 139.433333, 99, 104, 
CA3, 000600, 74, 81, PRSH, 2261, 30, 75.366667, ZIP, 4526, 30, 150.866667, 74, 81, 
CA3, 000600, 80, 85, PRSH, 2004, 30, 66.800000, ZIP, 4868, 30, 162.266667, 80, 85, 
CA3, 000600, 91, 94, PRSH, 2692, 30, 89.733333, ZIP, 3970, 30, 132.333333, 91, 94, 
CA3, 000600, 81, 87, PRSH, 2123, 30, 70.766667, ZIP, 4656, 30, 155.200000, 81, 87, 
CA3, 000600, 99, 102, PRSH, 1453, 30, 48.433333, ZIP, 3436, 30, 114.533333, 99, 102, 
CA3, 000600, 85, 92, PRSH, 1809, 30, 60.300000, ZIP, 5038, 30, 167.933333, 85, 92, 
CA3, 000600, 85, 94, PRSH, 2854, 30, 95.133333, ZIP, 5276, 30, 175.866667, 85, 94, 
CA3, 000600, 78, 90, PRSH, 1591, 30, 53.033333, ZIP, 4215, 30, 140.500000, 78, 90, 
CA3, 000600, 81, 85, PRSH, 1137, 30, 37.900000, ZIP, 3817, 30, 127.233333, 81, 85, 
CA3, 000600, 76, 80, PRSH, 1628, 30, 54.266667, ZIP, 5341, 30, 178.033333, 76, 80, 
CA3, 000600, 80, 92, PRSH, 1963, 30, 65.433333, ZIP, 4162, 30, 138.733333, 80, 92, 
CA3, 000600, 86, 90, PRSH, 1638, 30, 54.600000, ZIP, 4755, 30, 158.500000, 86, 90, 
CA3, 000600, 79, 84, PRSH, 1777, 30, 59.233333, ZIP, 5204, 30, 173.466667, 79, 84, 
CA3, 000600, 85, 87, PRSH, 2102, 30, 70.066667, ZIP, 4316, 30, 143.866667, 85, 87, 
CA3, 000600, 74, 80, PRSH, 2370, 30, 79.000000, ZIP, 2568, 30, 85.600000, 74, 80, 
CA3, 000600, 89, 93, PRSH, 2026, 30, 67.533333, ZIP, 5390, 30, 179.666667, 89, 93, 
CA3, 000600, 82, 86, PRSH, 1268, 30, 42.266667, ZIP, 3996, 30, 133.200000, 82, 86, 
CA3, 000600, 83, 89, PRSH, 2612, 30, 87.066667, ZIP, 4971, 30, 165.700000, 83, 89, 
CA3, 000600, 79, 81, PRSH, 1425, 30, 47.500000, ZIP, 4368, 30, 145.600000, 79, 81, 
CA3, 000600, 80, 87, PRSH, 2412, 30, 80.400000, ZIP, 4986, 30, 166.200000, 80, 87, 
CA3, 000600, 79, 89, PRSH, 2097, 30, 69.900000, ZIP, 5080, 30, 169.333333, 79, 89, 
CA3, 000600, 80, 88, PRSH, 1928, 30, 64.266667, ZIP, 3394, 30, 113.133333, 80, 88, 
CA3, 000600, 79, 85, PRSH, 3228, 30, 107.600000, ZIP, 5078, 30, 169.266667, 79, 85, 
CA3, 000600, 96, 97, PRSH, 3289, 30, 109.633333, ZIP, 6866, 30, 228.866667, 96, 97, 
CA3, 000600, 86, 89, PRSH, 2171, 30, 72.366667, ZIP, 5464, 30, 182.133333, 86, 89, 
CA3, 000600, 79, 83, PRSH, 1890, 30, 63.000000, ZIP, 4646, 30, 154.866667, 79, 83, 
CA3, 000600, 80, 84, PRSH, 2516, 30, 83.866667, ZIP, 4036, 30, 134.533333, 80, 84, 
CA3, 000600, 87, 92, PRSH, 2030, 30, 67.666667, ZIP, 4702, 30, 156.733333, 87, 92, 
CA3, 000600, 85, 88, PRSH, 1281, 30, 42.700000, ZIP, 3637, 30, 121.233333, 85, 88, 
CA3, 000600, 82, 88, PRSH, 998, 30, 33.266667, ZIP, 3297, 30, 109.900000, 82, 88, 
CA3, 000600, 88, 91, PRSH, 1036, 30, 34.533333, ZIP, 4077, 30, 135.900000, 88, 91, 
CA3, 000600, 82, 90, PRSH, 2297, 30, 76.566667, ZIP, 3929, 30, 130.966667, 82, 90, 
CA3, 000600, 92, 112, PRSH, 2242, 30, 74.733333, ZIP, 3847, 30, 128.233333, 92, 112, 
CA3, 000600, 92, 95, PRSH, 2307, 30, 76.900000, ZIP, 3692, 30, 123.066667, 92, 95, 
CA3, 000600, 98, 112, PRSH, 1935, 30, 64.500000, ZIP, 4669, 30, 155.633333, 98, 112, 
CA3, 000600, 80, 85, PRSH, 1616, 30, 53.866667, ZIP, 3378, 30, 112.600000, 80, 85, 
CA3, 000600, 81, 92, PRSH, 1870, 30, 62.333333, ZIP, 4530, 30, 151.000000, 81, 92, 
CA3, 000600, 93, 95, PRSH, 1762, 30, 58.733333, ZIP, 5303, 30, 176.766667, 93, 95, 
CA3, 000600, 84, 87, PRSH, 2128, 30, 70.933333, ZIP, 5758, 30, 191.933333, 84, 87, 
CA3, 000600, 97, 107, PRSH, 1642, 30, 54.733333, ZIP, 3849, 30, 128.300000, 97, 107, 
CA3, 000600, 94, 102, PRSH, 2221, 30, 74.033333, ZIP, 2499, 30, 83.300000, 94, 102, 
CA3, 000600, 76, 85, PRSH, 2622, 30, 87.400000, ZIP, 4071, 30, 135.700000, 76, 85, 
CA3, 000600, 87, 96, PRSH, 1365, 30, 45.500000, ZIP, 4064, 30, 135.466667, 87, 96, 
CA3, 000600, 79, 83, PRSH, 1032, 30, 34.400000, ZIP, 4602, 30, 153.400000, 79, 83, 
CA3, 000600, 93, 126, PRSH, 2201, 30, 73.366667, ZIP, 4520, 30, 150.666667, 93, 126, 
CA3, 000600, 80, 86, PRSH, 1959, 30, 65.300000, ZIP, 4571, 30, 152.366667, 80, 86, 
CA3, 000600, 80, 83, PRSH, 2027, 30, 67.566667, ZIP, 4794, 30, 159.800000, 80, 83, 
CA3, 000600, 82, 83, PRSH, 1213, 30, 40.433333, ZIP, 5089, 30, 169.633333, 82, 83, 
CA3, 000600, 81, 84, PRSH, 1790, 30, 59.666667, ZIP, 4820, 30, 160.666667, 81, 84, 
CA3, 000600, 75, 80, PRSH, 2227, 30, 74.233333, ZIP, 5334, 30, 177.800000, 75, 80, 
CA3, 000600, 80, 84, PRSH, 1472, 30, 49.066667, ZIP, 4952, 30, 165.066667, 80, 84, 
CA3, 000600, 95, 98, PRSH, 3224, 30, 107.466667, ZIP, 5195, 30, 173.166667, 95, 98, 
CA3, 000600, 81, 84, PRSH, 1871, 30, 62.366667, ZIP, 5304, 30, 176.800000, 81, 84, 
CA3, 000600, 79, 87, PRSH, 2229, 30, 74.300000, ZIP, 5071, 30, 169.033333, 79, 87, 
CA3, 000600, 79, 88, PRSH, 1476, 30, 49.200000, ZIP, 3210, 30, 107.000000, 79, 88, 
CA3, 000600, 97, 148, PRSH, 3184, 30, 106.133333, ZIP, 5083, 30, 169.433333, 97, 148, 
CA3, 000600, 85, 86, PRSH, 3250, 30, 108.333333, ZIP, 4660, 30, 155.333333, 85, 86, 
CA3, 000600, 81, 84, PRSH, 1788, 30, 59.600000, ZIP, 4622, 30, 154.066667, 81, 84, 
CA3, 000600, 83, 87, PRSH, 3057, 30, 101.900000, ZIP, 5390, 30, 179.666667, 83, 87, 
CA3, 000600, 84, 89, PRSH, 1623, 30, 54.100000, ZIP, 2995, 30, 99.833333, 84, 89, 
CA3, 000600, 80, 85, PRSH, 2838, 30, 94.600000, ZIP, 5770, 30, 192.333333, 80, 85, 
CA3, 000600, 102, 103, PRSH, 1770, 30, 59.000000, ZIP, 5471, 30, 182.366667, 102, 103, 
CA3, 000600, 78, 87, PRSH, 1616, 30, 53.866667, ZIP, 5006, 30, 166.866667, 78, 87, 
CA3, 000600, 86, 88, PRSH, 1937, 30, 64.566667, ZIP, 4430, 30, 147.666667, 86, 88, 
CA3, 000600, 84, 94, PRSH, 2096, 30, 69.866667, ZIP, 4395, 30, 146.500000, 84, 94, 
CA3, 000600, 84, 86, PRSH, 1281, 30, 42.700000, ZIP, 5267, 30, 175.566667, 84, 86, 
CA3, 000600, 79, 80, PRSH, 2104, 30, 70.133333, ZIP, 5151, 30, 171.700000, 79, 80, 
CA3, 000600, 80, 89, PRSH, 2287, 30, 76.233333, ZIP, 4377, 30, 145.900000, 80, 89, 
CA3, 000600, 83, 89, PRSH, 1144, 30, 38.133333, ZIP, 3533, 30, 117.766667, 83, 89, 
CA3, 000600, 87, 92, PRSH, 2725, 30, 90.833333, ZIP, 4255, 30, 141.833333, 87, 92, 
CA3, 000600, 86, 89, PRSH, 1224, 30, 40.800000, ZIP, 4046, 30, 134.866667, 86, 89, 
CA3, 000600, 77, 81, PRSH, 2566, 30, 85.533333, ZIP, 5706, 30, 190.200000, 77, 81, 
CA3, 000600, 96, 137, PRSH, 1738, 30, 57.933333, ZIP, 5380, 30, 179.333333, 96, 137, 
CA3, 000600, 83, 91, PRSH, 2429, 30, 80.966667, ZIP, 6563, 30, 218.766667, 83, 91, 
CA3, 000600, 81, 84, PRSH, 1633, 30, 54.433333, ZIP, 4519, 30, 150.633333, 81, 84, 
CA3, 000600, 99, 103, PRSH, 1649, 30, 54.966667, ZIP, 4095, 30, 136.500000, 99, 103, 
CA3, 000600, 82, 89, PRSH, 2605, 30, 86.833333, ZIP, 4583, 30, 152.766667, 82, 89, 
CA3, 000600, 79, 90, PRSH, 2430, 30, 81.000000, ZIP, 3991, 30, 133.033333, 79, 90, 
CA3, 000600, 79, 84, PRSH, 1902, 30, 63.400000, ZIP, 4355, 30, 145.166667, 79, 84, 
CA3, 000600, 82, 87, PRSH, 1499, 30, 49.966667, ZIP, 2526, 30, 84.200000, 82, 87, 
CA3, 000600, 79, 87, PRSH, 1753, 30, 58.433333, ZIP, 4833, 30, 161.100000, 79, 87, 
CA3, 000600, 94, 96, PRSH, 1908, 30, 63.600000, ZIP, 4632, 30, 154.400000, 94, 96, 
CA3, 000600, 89, 92, PRSH, 1616, 30, 53.866667, ZIP, 4879, 30, 162.633333, 89, 92, 
CA3, 000600, 78, 84, PRSH, 1567, 30, 52.233333, ZIP, 5723, 30, 190.766667, 78, 84, 
CA3, 000600, 75, 83, PRSH, 1099, 30, 36.633333, ZIP, 4695, 30, 156.500000, 75, 83, 
CA3, 000600, 85, 95, PRSH, 1414, 30, 47.133333, ZIP, 3908, 30, 130.266667, 85, 95, 
CA3, 000600, 85, 88, PRSH, 1743, 30, 58.100000, ZIP, 4822, 30, 160.733333, 85, 88, 
CA3, 000600, 98, 103, PRSH, 953, 30, 31.766667, ZIP, 3278, 30, 109.266667, 98, 103, 
CA3, 000600, 84, 88, PRSH, 2432, 30, 81.066667, ZIP, 4003, 30, 133.433333, 84, 88, 
CA3, 000600, 79, 88, PRSH, 2299, 30, 76.633333, ZIP, 4463, 30, 148.766667, 79, 88, 
CA3, 000600, 76, 84, PRSH, 2025, 30, 67.500000, ZIP, 4373, 30, 145.766667, 76, 84, 
CA3, 000600, 94, 99, PRSH, 1650, 30, 55.000000, ZIP, 2924, 30, 97.466667, 94, 99, 
CA3, 000600, 80, 88, PRSH, 1214, 30, 40.466667, ZIP, 3356, 30, 111.866667, 80, 88, 
CA3, 000600, 79, 84, PRSH, 1634, 30, 54.466667, ZIP, 5088, 30, 169.600000, 79, 84, 
CA3, 000600, 95, 103, PRSH, 2793, 30, 93.100000, ZIP, 5830, 30, 194.333333, 95, 103, 
CA3, 000600, 80, 88, PRSH, 2279, 30, 75.966667, ZIP, 4970, 30, 165.666667, 80, 88, 
CA3, 000600, 79, 89, PRSH, 2562, 30, 85.400000, ZIP, 4865, 30, 162.166667, 79, 89, 
CA3, 000600, 78, 88, PRSH, 2378, 30, 79.266667, ZIP, 5385, 30, 179.500000, 78, 88, 
CA3, 000600, 77, 83, PRSH, 2079, 30, 69.300000, ZIP, 5184, 30, 172.800000, 77, 83, 
CA3, 000600, 82, 90, PRSH, 1378, 30, 45.933333, ZIP, 3985, 30, 132.833333, 82, 90, 
CA3, 000600, 81, 86, PRSH, 1186, 30, 39.533333, ZIP, 3447, 30, 114.900000, 81, 86, 
CA3, 000600, 82, 85, PRSH, 2140, 30, 71.333333, ZIP, 4710, 30, 157.000000, 82, 85, 
CA3, 000600, 85, 94, PRSH, 2383, 30, 79.433333, ZIP, 5114, 30, 170.466667, 85, 94, 
CA3, 000600, 95, 98, PRSH, 2122, 30, 70.733333, ZIP, 4676, 30, 155.866667, 95, 98, 
CA3, 000600, 83, 91, PRSH, 1860, 30, 62.000000, ZIP, 5253, 30, 175.100000, 83, 91, 
CA3, 000600, 80, 87, PRSH, 2561, 30, 85.366667, ZIP, 6828, 30, 227.600000, 80, 87, 
CA3, 000600, 87, 91, PRSH, 2500, 30, 83.333333, ZIP, 6487, 30, 216.233333, 87, 91, 
CA3, 000600, 73, 89, PRSH, 2008, 30, 66.933333, ZIP, 6134, 30, 204.466667, 73, 89, 
CA3, 000600, 85, 91, PRSH, 2521, 30, 84.033333, ZIP, 3839, 30, 127.966667, 85, 91, 
CA3, 000600, 84, 87, PRSH, 1932, 30, 64.400000, ZIP, 3425, 30, 114.166667, 84, 87, 
CA3, 000600, 98, 99, PRSH, 867, 30, 28.900000, ZIP, 2439, 30, 81.300000, 98, 99, 
